old_url,source_files,new_path
https://assets01.sdd1.ch/assets/lbwp-cdn/nzz-mediengruppe-v2/files/1715781184/nzzde_front_gerollt_21.png,index.html,assets/home/home-index-nzzde-front-gerollt-21.png
https://cdn.prod.website-files.com/65c5074d380afa8c0d0482af/65dc782cb4e5798707ac738e_LAS Digital Posters Final Animation-transcode.mp4,"index.html,las-art-foundation-brand-identity-motion.html",assets/las-art-foundation/las-art-foundation-branding-motion-las-digital-posters-final-animation-transcode.mp4
https://cdn.prod.website-files.com/65c5074d380afa8c0d0482af/65dc81a50e944753f1fff043_LAS-Work_13.2.webp,las-art-foundation-brand-identity-motion.html,assets/las-art-foundation/las-art-foundation-branding-motion-las-work-13-2.webp
https://cdn.prod.website-files.com/65c5074d380afa8c0d0482af/65dc81a5133b9ae1c64fbc1a_LAS-Work_03.webp,las-art-foundation-brand-identity-motion.html,assets/las-art-foundation/las-art-foundation-branding-motion-las-work-03.webp
https://cdn.prod.website-files.com/65c5074d380afa8c0d0482af/65dc81a53a7fc326226f2ebc_LAS-Work_21.1.webp,las-art-foundation-brand-identity-motion.html,assets/las-art-foundation/las-art-foundation-branding-motion-las-work-21-1.webp
https://cdn.prod.website-files.com/65c5074d380afa8c0d0482af/65dc81a5465a1cb32a31507b_LAS-Work_12.webp,las-art-foundation-brand-identity-motion.html,assets/las-art-foundation/las-art-foundation-branding-motion-las-work-12.webp
https://cdn.prod.website-files.com/65c5074d380afa8c0d0482af/65dc81a58cbd1f777ef3a2e2_LAS-Work_23.2.gif,las-art-foundation-brand-identity-motion.html,assets/las-art-foundation/las-art-foundation-branding-motion-las-work-23-2.gif
https://cdn.prod.website-files.com/65c5074d380afa8c0d0482af/65dc81a5bf3d5174d3faa9ea_LAS-Work_22.webp,las-art-foundation-brand-identity-motion.html,assets/las-art-foundation/las-art-foundation-branding-motion-las-work-22.webp
https://cdn.prod.website-files.com/65c5074d380afa8c0d0482af/65dc81a5f0ae3013e9b8b5a9_LAS-Work_16.webp,las-art-foundation-brand-identity-motion.html,assets/las-art-foundation/las-art-foundation-branding-motion-las-work-16.webp
https://cdn.prod.website-files.com/65c5074d380afa8c0d0482af/65dc81a5fc8cca119bb6fa0d_LAS-Work_10.webp,las-art-foundation-brand-identity-motion.html,assets/las-art-foundation/las-art-foundation-branding-motion-las-work-10.webp
https://cdn.prod.website-files.com/65c5074d380afa8c0d0482af/65dc81a5fd08b62670b22eb4_LAS-Work_18.2.webp,las-art-foundation-brand-identity-motion.html,assets/las-art-foundation/las-art-foundation-branding-motion-las-work-18-2.webp
https://cdn.prod.website-files.com/65c5074d380afa8c0d0482af/65dc81a66d547675aca2eaa1_LAS-Work_14.webp,las-art-foundation-brand-identity-motion.html,assets/las-art-foundation/las-art-foundation-branding-motion-las-work-14.webp
https://cdn.prod.website-files.com/65c5074d380afa8c0d0482af/65dc81a6f0ae3013e9b8b622_LAS-Work_15.webp,las-art-foundation-brand-identity-motion.html,assets/las-art-foundation/las-art-foundation-branding-motion-las-work-15.webp
https://cdn.prod.website-files.com/65c5074d380afa8c0d0482af/65dc81a6fd08b62670b22f5a_LAS-Work_23.1.webp,las-art-foundation-brand-identity-motion.html,assets/las-art-foundation/las-art-foundation-branding-motion-las-work-23-1.webp
https://cdn.prod.website-files.com/65c5074d380afa8c0d0482af/65dc85e3b0f1591eccfaeb99_LAS-Work_04-transcode.mp4,las-art-foundation-brand-identity-motion.html,assets/las-art-foundation/las-art-foundation-branding-motion-las-work-04-transcode.mp4
https://cdn.prod.website-files.com/65c5074d380afa8c0d0482af/65dc85fcd801beb4731183f3_LAS-Work_05-transcode.mp4,las-art-foundation-brand-identity-motion.html,assets/las-art-foundation/las-art-foundation-branding-motion-las-work-05-transcode.mp4
https://cdn.prod.website-files.com/65c5074d380afa8c0d0482af/65dc86577ab97379a94b245e_LAS-Work_061-transcode.mp4,las-art-foundation-brand-identity-motion.html,assets/las-art-foundation/las-art-foundation-branding-motion-las-work-061-transcode.mp4
https://cdn.prod.website-files.com/65c5074d380afa8c0d0482af/65dc86f3eec7359a38192ace_LAS-Work_08-transcode.mp4,las-art-foundation-brand-identity-motion.html,assets/las-art-foundation/las-art-foundation-branding-motion-las-work-08-transcode.mp4
https://cdn.prod.website-files.com/65c5074d380afa8c0d0482af/65dc9673458860a6c79fb9f2_LAS-Work_06.2.webp,las-art-foundation-brand-identity-motion.html,assets/las-art-foundation/las-art-foundation-branding-motion-las-work-06-2.webp
https://cdn.prod.website-files.com/65c5074d380afa8c0d0482af/65dc96b007808fa84a6da66a_LAS-Work_131-transcode.mp4,las-art-foundation-brand-identity-motion.html,assets/las-art-foundation/las-art-foundation-branding-motion-las-work-131-transcode.mp4
https://cdn.prod.website-files.com/65c5074d380afa8c0d0482af/65dc96d1f70b22b194eb4a05_LAS-Work_07-transcode.mp4,las-art-foundation-brand-identity-motion.html,assets/las-art-foundation/las-art-foundation-branding-motion-las-work-07-transcode.mp4
https://cdn.prod.website-files.com/65c5074d380afa8c0d0482af/65dc9709e4e95c7b969ca230_LAS-Work_09-transcode.mp4,las-art-foundation-brand-identity-motion.html,assets/las-art-foundation/las-art-foundation-branding-motion-las-work-09-transcode.mp4
https://cdn.prod.website-files.com/65c5074d380afa8c0d0482af/65dc9728d98be0410597684d_LAS-Work_11-transcode.mp4,las-art-foundation-brand-identity-motion.html,assets/las-art-foundation/las-art-foundation-branding-motion-las-work-11-transcode.mp4
https://cdn.prod.website-files.com/65c5074d380afa8c0d0482af/65dc97df43576710ea52b7a0_LAS-Work_17-transcode.mp4,las-art-foundation-brand-identity-motion.html,assets/las-art-foundation/las-art-foundation-branding-motion-las-work-17-transcode.mp4
https://cdn.prod.website-files.com/65c5074d380afa8c0d0482af/65dc98032413db6fe08f9b92_LAS-Work_181-transcode.mp4,las-art-foundation-brand-identity-motion.html,assets/las-art-foundation/las-art-foundation-branding-motion-las-work-181-transcode.mp4
https://cdn.prod.website-files.com/65c5074d380afa8c0d0482af/65dc9d5f2108eef840886149_LAS-Work_20-transcode.mp4,las-art-foundation-brand-identity-motion.html,assets/las-art-foundation/las-art-foundation-branding-motion-las-work-20-transcode.mp4
https://cdn.prod.website-files.com/65c5074d380afa8c0d0482af/65dc9d7755952d49425be799_LAS-Work_212-transcode.mp4,las-art-foundation-brand-identity-motion.html,assets/las-art-foundation/las-art-foundation-branding-motion-las-work-212-transcode.mp4
https://cdn.prod.website-files.com/65c5074d380afa8c0d0482af/65dc9f144dd3a6001db40940_LAS-Brand-Guidelines-Case-Study_00000.gif,las-art-foundation-brand-identity-motion.html,assets/las-art-foundation/las-art-foundation-branding-motion-las-brand-guidelines-case-study-00000.gif
https://cdn.prod.website-files.com/65c5074d380afa8c0d0482af/65e1c4f58335449644167848_FF,friends-of-friends-brand-identity-web.html,assets/friends-of-friends/friends-of-friends-publication-brand-ff.mp4
https://cdn.prod.website-files.com/65c5074d380afa8c0d0482af/65e1c4fe4810cff67cb59523_FF-Work_01-transcode.mp4,friends-of-friends-brand-identity-web.html,assets/friends-of-friends/friends-of-friends-publication-brand-ff-work-01-transcode.mp4
https://cdn.prod.website-files.com/65c5074d380afa8c0d0482af/65e1c5121620909542b5bc81_FF-Work_05.webp,friends-of-friends-brand-identity-web.html,assets/friends-of-friends/friends-of-friends-publication-brand-ff-work-05.webp
https://cdn.prod.website-files.com/65c5074d380afa8c0d0482af/65e1c5124d4241d14ed2cafc_FF-Work_04.webp,friends-of-friends-brand-identity-web.html,assets/friends-of-friends/friends-of-friends-publication-brand-ff-work-04.webp
https://cdn.prod.website-files.com/65c5074d380afa8c0d0482af/65e1c512821468600d1a19ef_FF-Brochure_Cover-Mockup.webp,friends-of-friends-brand-identity-web.html,assets/friends-of-friends/friends-of-friends-publication-brand-ff-brochure-cover-mockup.webp
https://cdn.prod.website-files.com/65c5074d380afa8c0d0482af/65e1c5129aa3c9c26d45c46b_FF-Work_11.webp,friends-of-friends-brand-identity-web.html,assets/friends-of-friends/friends-of-friends-publication-brand-ff-work-11.webp
https://cdn.prod.website-files.com/65c5074d380afa8c0d0482af/65e1c5130810255f378b1cf9_FF-Work_12.webp,friends-of-friends-brand-identity-web.html,assets/friends-of-friends/friends-of-friends-publication-brand-ff-work-12.webp
https://cdn.prod.website-files.com/65c5074d380afa8c0d0482af/65e1c5136f609e19c8d8126d_FF-Work_13.webp,friends-of-friends-brand-identity-web.html,assets/friends-of-friends/friends-of-friends-publication-brand-ff-work-13.webp
https://cdn.prod.website-files.com/65c5074d380afa8c0d0482af/65e1c5136f6e77e6eaa8ff9e_FF-Work_06.webp,friends-of-friends-brand-identity-web.html,assets/friends-of-friends/friends-of-friends-publication-brand-ff-work-06.webp
https://cdn.prod.website-files.com/65c5074d380afa8c0d0482af/65e1c5453b91259b4ccb1f65_FF-Work_09-transcode.mp4,friends-of-friends-brand-identity-web.html,assets/friends-of-friends/friends-of-friends-publication-brand-ff-work-09-transcode.mp4
https://cdn.prod.website-files.com/65c5074d380afa8c0d0482af/65e1c616bce1af9e569355ba_FF-Work_02-transcode.mp4,friends-of-friends-brand-identity-web.html,assets/friends-of-friends/friends-of-friends-publication-brand-ff-work-02-transcode.mp4
https://cdn.prod.website-files.com/65c5074d380afa8c0d0482af/65e1c63c10ba6c77356c34f0_FF-Logo_Grid_Animation-transcode.mp4,friends-of-friends-brand-identity-web.html,assets/friends-of-friends/friends-of-friends-publication-brand-ff-logo-grid-animation-transcode.mp4
https://cdn.prod.website-files.com/65c5074d380afa8c0d0482af/65e1c67c76546ca0cd02f909_FF-Work_15-transcode.mp4,friends-of-friends-brand-identity-web.html,assets/friends-of-friends/friends-of-friends-publication-brand-ff-work-15-transcode.mp4
https://cdn.prod.website-files.com/65c5074d380afa8c0d0482af/65e1c6bf0a90de384d11496a_FF-Kinetic_Typo-16x9-transcode.mp4,friends-of-friends-brand-identity-web.html,assets/friends-of-friends/friends-of-friends-publication-brand-ff-kinetic-typo-16x9-transcode.mp4
https://cdn.prod.website-files.com/65c5074d380afa8c0d0482af/65e1c6d976cb51f5767c652d_FF-Work_10-transcode.mp4,friends-of-friends-brand-identity-web.html,assets/friends-of-friends/friends-of-friends-publication-brand-ff-work-10-transcode.mp4
https://cdn.prod.website-files.com/65c5074d380afa8c0d0482af/65e6f2df60f9ee4b1ea7984e_Bianca_Chen-IG-Story.webp,bianca-chen-brand-identity.html,assets/bianca-chen/bianca-chen-brand-identity-bianca-chen-ig-story.webp
https://cdn.prod.website-files.com/65c5074d380afa8c0d0482af/65e6f2df87dbec8f2986d515_Bianca_Poster-01.webp,bianca-chen-brand-identity.html,assets/bianca-chen/bianca-chen-brand-identity-bianca-poster-01.webp
https://cdn.prod.website-files.com/65c5074d380afa8c0d0482af/65e6f2e0d1796a72bf8b985e_Bianca_Chen-IG-Post.webp,bianca-chen-brand-identity.html,assets/bianca-chen/bianca-chen-brand-identity-bianca-chen-ig-post.webp
https://cdn.prod.website-files.com/65c5074d380afa8c0d0482af/65e9fe0e9ff608858220bfa7_FF-images.webp,friends-of-friends-brand-identity-web.html,assets/friends-of-friends/friends-of-friends-publication-brand-ff-images.webp
https://cdn.prod.website-files.com/65c5074d380afa8c0d0482af/6638e88dc66a1970a771a26c_BC-A4-Poster_Mockup.webp,bianca-chen-brand-identity.html,assets/bianca-chen/bianca-chen-brand-identity-bc-a4-poster-mockup.webp
https://cdn.prod.website-files.com/65c5074d380afa8c0d0482af/6638ee86acfb06657caf0f0b_bianca-MAIN_LOGO-all_colors.gif,bianca-chen-brand-identity.html,assets/bianca-chen/bianca-chen-brand-identity-bianca-main-logo-all-colors.gif
https://cdn.prod.website-files.com/65c5074d380afa8c0d0482af/6638eeb035b5229f14257965_Bianca_Chen-Full,bianca-chen-brand-identity.html,assets/bianca-chen/bianca-chen-brand-identity-bianca-chen-full.mp4
https://cdn.prod.website-files.com/65c5074d380afa8c0d0482af/6638f02917cb39e6edbd82e6_BC-Card_Mockup.webp,bianca-chen-brand-identity.html,assets/bianca-chen/bianca-chen-brand-identity-bc-card-mockup.webp
https://cdn.prod.website-files.com/65c5074d380afa8c0d0482af/6638f029b5a2edbf99315bb1_BC-Tote_Bag-Mockup.webp,bianca-chen-brand-identity.html,assets/bianca-chen/bianca-chen-brand-identity-bc-tote-bag-mockup.webp
https://cdn.prod.website-files.com/65c5074d380afa8c0d0482af/6638f02a77854d41b4e9649f_BC-Desktop_Mac-mockup.webp,bianca-chen-brand-identity.html,assets/bianca-chen/bianca-chen-brand-identity-bc-desktop-mac-mockup.webp
https://cdn.prod.website-files.com/65c5074d380afa8c0d0482af/6638f02b77854d41b4e9649f_BC-Curated_by-visual_black.webp,bianca-chen-brand-identity.html,assets/bianca-chen/bianca-chen-brand-identity-bc-curated-by-visual-black.webp
https://cdn.prod.website-files.com/65c5074d380afa8c0d0482af/6638f02bb1fb80b6192e1048_Shapes-GIF_printed.gif,bianca-chen-brand-identity.html,assets/bianca-chen/bianca-chen-brand-identity-shapes-gif-printed.gif
https://cdn.prod.website-files.com/65c5074d380afa8c0d0482af/6638fad1b95cf1175bd23de7_BC-Poster_Calendar.webp,bianca-chen-brand-identity.html,assets/bianca-chen/bianca-chen-brand-identity-bc-poster-calendar.webp
https://cdn.prod.website-files.com/65c5074d380afa8c0d0482af/663903a07460087f4ff08254_Bianca_Chen-Home_Scroll-Updated-transcode.mp4,bianca-chen-brand-identity.html,assets/bianca-chen/bianca-chen-brand-identity-bianca-chen-home-scroll-updated-transcod.mp4
https://cdn.prod.website-files.com/65c5074d380afa8c0d0482af/6639ef4a464c0810b8a5effb_BC-Project-page.webp,bianca-chen-brand-identity.html,assets/bianca-chen/bianca-chen-brand-identity-bc-project-page.webp
https://cdn.prod.website-files.com/65c5074d380afa8c0d0482af/6639ef8dd689aa172e0d987a_BC-Menu_focus-Mobile-v2.webp,bianca-chen-brand-identity.html,assets/bianca-chen/bianca-chen-brand-identity-bc-menu-focus-mobile-v2.webp
https://cdn.prod.website-files.com/65c5074d380afa8c0d0482af/6639f344d9da35f34644c9da_BC-mulitple_posters-portrait.webp,bianca-chen-brand-identity.html,assets/bianca-chen/bianca-chen-brand-identity-bc-mulitple-posters-portrait.webp
https://cdn.prod.website-files.com/65c5074d380afa8c0d0482af/663a588a14783340918b7d0a_Bianca_Chen-Colors.jpg,bianca-chen-brand-identity.html,assets/bianca-chen/bianca-chen-brand-identity-bianca-chen-colors.jpg
https://cdn.prod.website-files.com/65c5074d380afa8c0d0482af/663a58a3993746fa81b55549_Bianca_Chen-Typefaces.jpg,bianca-chen-brand-identity.html,assets/bianca-chen/bianca-chen-brand-identity-bianca-chen-typefaces.jpg
https://cdn.prod.website-files.com/65c5074d380afa8c0d0482af/663a5b16b571d6f9c33a5f54_Bianca_Chen-Poster_Construction-Animation,bianca-chen-brand-identity.html,assets/bianca-chen/bianca-chen-brand-identity-bianca-chen-poster-construction-animatio.mp4
https://cdn.prod.website-files.com/66e30c0fc33687ad22c38f24/66e30f9b5a6d4fad335d3800_SIGNAL-2023-Logo_White.svg,index.html,assets/home/home-index-signal-2023-logo-white.svg
https://cdn.shopify.com/s/files/1/0549/9813/9112/files/JH_MGB_IV_6326_1024x1024.jpg,ruinart-jeppe-hein-carte-blanche.html,assets/ruinart/ruinart-brand-content-jh-mgb-iv-6326-1024x1024.jpg
https://cdn.shopify.com/s/files/1/0549/9813/9112/files/JH_RMSB__01_0739_1024x1024.jpg,ruinart-jeppe-hein-carte-blanche.html,assets/ruinart/ruinart-brand-content-jh-rmsb-01-0739-1024x1024.jpg
https://cdn.shopify.com/s/files/1/0549/9813/9112/files/Jeppe_Hein_YOU_ARE_MAGIC_FOR_ME_2022_4_1024x1024.jpg,ruinart-jeppe-hein-carte-blanche.html,assets/ruinart/ruinart-brand-content-jeppe-hein-you-are-magic-for-me-2022-4-1.jpg
https://cdn.shopify.com/s/files/1/0549/9813/9112/files/Jeppe_Hein_YOU_CHANGE_TO_CHANGE_2022_2_1024x1024.jpg,ruinart-jeppe-hein-carte-blanche.html,assets/ruinart/ruinart-brand-content-jeppe-hein-you-change-to-change-2022-2-1.jpg
https://framerusercontent.com/images/79502LO2JriPOUMdHpKj1PaA34.jpeg?width=900,concierge-coffee-brand-web.html,assets/concierge-coffee/concierge-coffee-brand-web-79502lo2jripoumdhpkj1paa34.jpeg
https://framerusercontent.com/images/HFFSXJqyHB2jl9dRP7PFIeC9w.jpeg?width=1200,concierge-coffee-brand-web.html,assets/concierge-coffee/concierge-coffee-brand-web-hffsxjqyhb2jl9drp7pfiec9w.jpeg
https://framerusercontent.com/images/JZyqpVI0XkdqEgEFphMufmZF3k.jpeg?width=1200,concierge-coffee-brand-web.html,assets/concierge-coffee/concierge-coffee-brand-web-jzyqpvi0xkdqegefphmufmzf3k.jpeg
https://framerusercontent.com/images/JndbxQ0fFLuBP1M3MdVnhuCFEQ.jpeg?width=1200,concierge-coffee-brand-web.html,assets/concierge-coffee/concierge-coffee-brand-web-jndbxq0fflubp1m3mdvnhucfeq.jpeg
https://framerusercontent.com/images/Uyy6CTfOxsVUReHs4bTJZzWV7AI.jpeg?width=2400,concierge-coffee-brand-web.html,assets/concierge-coffee/concierge-coffee-brand-web-uyy6ctfoxsvurehs4btjzzwv7ai.jpeg
https://framerusercontent.com/images/eDOD75mU6aJ3Pj5C1V1HgecDs.jpeg?width=900,concierge-coffee-brand-web.html,assets/concierge-coffee/concierge-coffee-brand-web-edod75mu6aj3pj5c1v1hgecds.jpeg
https://framerusercontent.com/images/ijheHusZVJ3Qxzo5aV8RwPmdIs.jpeg?width=1200,concierge-coffee-brand-web.html,assets/concierge-coffee/concierge-coffee-brand-web-ijhehuszvj3qxzo5av8rwpmdis.jpeg
https://framerusercontent.com/images/uAmYKdgFwe0Jqf0ES3Lc7hL9bI.jpeg?width=1200,concierge-coffee-brand-web.html,assets/concierge-coffee/concierge-coffee-brand-web-uamykdgfwe0jqf0es3lc7hl9bi.jpeg
https://framerusercontent.com/images/xIblc0x2gusTCI8TiIRobgvsJRY.jpeg?width=900,concierge-coffee-brand-web.html,assets/concierge-coffee/concierge-coffee-brand-web-xiblc0x2gustci8tiirobgvsjry.jpeg
https://framerusercontent.com/images/yaR0OiePMk0SGlJWd8nwFizr9OQ.jpeg?width=1200,concierge-coffee-brand-web.html,assets/concierge-coffee/concierge-coffee-brand-web-yar0oiepmk0sgljwd8nwfizr9oq.jpeg
https://images.squarespace-cdn.com/content/v1/5b878d03b40b9dd757ddd599/1535614905062-UEDQ4GIAJI135KNLU00W/ConciergeCoffee_logo2.png?format=2500w,index.html,assets/home/home-index-conciergecoffee-logo2.png
https://images.squarespace-cdn.com/content/v1/5e73638a270c4837477e1fdd/1585466832678-DSF8NJHACGY7W6ARBQRX/Freunde-von-Freunden-TSN-Berlin-2019-1388.jpg,mini-the-sooner-now-brand-campaign.html,assets/mini/mini-brand-campaign-freunde-von-freunden-tsn-berlin-2019-138.jpg
https://images.squarespace-cdn.com/content/v1/5e73638a270c4837477e1fdd/1585466887882-8C98JOMKYFCTPQ9GHSB8/Freunde-von-Freunden-TSN-Berlin-2019-1346.jpg,mini-the-sooner-now-brand-campaign.html,assets/mini/mini-brand-campaign-freunde-von-freunden-tsn-berlin-2019-134.jpg
https://images.squarespace-cdn.com/content/v1/5e73638a270c4837477e1fdd/1585466965903-EO3Z2P6BHSZUS0S8ST3N/Freunde-von-Freunden-TSN-Berlin-2019-2277.jpg,mini-the-sooner-now-brand-campaign.html,assets/mini/mini-brand-campaign-freunde-von-freunden-tsn-berlin-2019-227.jpg
https://images.squarespace-cdn.com/content/v1/5e73638a270c4837477e1fdd/1585467016050-Y0LQ0D4MOODDCZCV2V3Z/Freunde-von-Freunden-TSN-Berlin-2019-2409.jpg,mini-the-sooner-now-brand-campaign.html,assets/mini/mini-brand-campaign-freunde-von-freunden-tsn-berlin-2019-240.jpg
https://images.squarespace-cdn.com/content/v1/5e73638a270c4837477e1fdd/1585467133440-ZJ1WYMMOV25QUA9OP314/Freunde-von-Freunden-The-Sooner-Now-2451_2.jpg,mini-the-sooner-now-brand-campaign.html,assets/mini/mini-brand-campaign-freunde-von-freunden-the-sooner-now-2451.jpg
https://images.squarespace-cdn.com/content/v1/5e73638a270c4837477e1fdd/1608479838742-I25VD6DQFWVIH70BYDPR/Freunde-von-Freunden-The-Sooner-Now-2439.jpg,mini-the-sooner-now-brand-campaign.html,assets/mini/mini-brand-campaign-freunde-von-freunden-the-sooner-now-2439.jpg
https://images.squarespace-cdn.com/content/v1/5e73638a270c4837477e1fdd/1622886392569-RIRV0JJTOWOIO29OM7TU/TSN-Case_Study+dark.004.jpeg,mini-the-sooner-now-brand-campaign.html,assets/mini/mini-brand-campaign-tsn-case-study-dark-004.jpeg
https://images.squarespace-cdn.com/content/v1/5e73638a270c4837477e1fdd/1622886439981-EGIB81OLS2AETX51174S/TSN-Case_Study+dark.005.jpeg,mini-the-sooner-now-brand-campaign.html,assets/mini/mini-brand-campaign-tsn-case-study-dark-005.jpeg
https://images.squarespace-cdn.com/content/v1/5e73638a270c4837477e1fdd/a38218fd-be6c-4f32-bfea-23dd19158071/TSN-Case_Study.007%2Bcopy.webp,mini-the-sooner-now-brand-campaign.html,assets/mini/mini-brand-campaign-tsn-case-study-007-2bcopy.webp
https://images.squarespace-cdn.com/content/v1/647061563f2c3d7aae55597d/348e36ab-567d-4322-81f0-656a2c76975d/white-sonos-with-mono-notebook-pink_910x1100.jpeg,sonos-listening-better-brand-activation.html,assets/sonos/sonos-brand-activation-white-sonos-with-mono-notebook-pink-910x.jpeg
https://images.squarespace-cdn.com/content/v1/647061563f2c3d7aae55597d/fe00258f-e6bd-4b7a-a21c-77f8a0f28272/Freunde-von-Freunden-Anna-Eisenhauer-5880.jpeg,sonos-listening-better-brand-activation.html,assets/sonos/sonos-brand-activation-freunde-von-freunden-anna-eisenhauer-588.jpeg
https://static.vitra.com/media/asset/1685925/storage/v_fullbleed_1440x/21005339.jpg,vitra-brand-strategy.html,assets/vitra/vitra-brand-strategy-21005339.jpg
https://static.vitra.com/media/asset/2492031/storage/v_fullbleed_1440x/36836346.jpg,vitra-brand-strategy.html,assets/vitra/vitra-brand-strategy-36836346.jpg
https://static.vitra.com/media/asset/732547/storage/v_fullbleed_1440x/09055959.jpg,vitra-brand-strategy.html,assets/vitra/vitra-brand-strategy-09055959.jpg
https://static.vitra.com/media/asset/979518/storage/v_fullbleed_1440x/15702284.jpg,vitra-brand-strategy.html,assets/vitra/vitra-brand-strategy-15702284.jpg
https://www.freundevonfreunden.com/app/uploads/20-10-26-TSN-Summary_Video-2018-MASTER-Cutdown.mp4,mini-the-sooner-now-brand-campaign.html,assets/mini/mini-brand-campaign-20-10-26-tsn-summary-video-2018-master-c.mp4
https://www.freundevonfreunden.com/app/uploads/20180115-Siemens-Culinary_Encounters-Christina_Gronning-CD-compressed.mov,siemens-culinary-encounters.html,assets/siemens/siemens-culinary-encounters-20180115-siemens-culinary-encounters-chr.mov
https://www.freundevonfreunden.com/app/uploads/20180115-Siemens-Culinary_Encounters-Marente_van_der_Valk-CD-compressed.mp4,siemens-culinary-encounters.html,assets/siemens/siemens-culinary-encounters-20180115-siemens-culinary-encounters-mar.mp4
https://www.freundevonfreunden.com/app/uploads/20180116-Siemens-Culinary_Encounters-Linda_Granebring-CD-compressed.mov,siemens-culinary-encounters.html,assets/siemens/siemens-culinary-encounters-20180116-siemens-culinary-encounters-lin.mov
https://www.freundevonfreunden.com/app/uploads/20190214-USM-Jouney-Of-A-Product-SM-01-16x9-MASTER.mp4,usm-modular-furniture-brand-digital.html,assets/usm/usm-modular-furniture-20190214-usm-jouney-of-a-product-sm-01-1.mp4
https://www.freundevonfreunden.com/app/uploads/20190503-ClassPass-Berlin-CD-20SEC-16x9-MASTER-EN-compressed-1.mp4,classpass-bethebalance-campaign.html,assets/classpass/classpass-bethebalance-campaign-20190503-classpass-berlin-cd-20sec-16x9.mp4
https://www.freundevonfreunden.com/app/uploads/20190506-ClassPass-Munich-CD-20SEC-16x9-MASTER-EN-compressed.mov,classpass-bethebalance-campaign.html,assets/classpass/classpass-bethebalance-campaign-20190506-classpass-munich-cd-20sec-16x9.mov
https://www.freundevonfreunden.com/app/uploads/20190523-ClassPass-Paris-CD-20SEC-16x9-MASTER-EN-compressed.mov,classpass-bethebalance-campaign.html,assets/classpass/classpass-bethebalance-campaign-20190523-classpass-paris-cd-20sec-16x9-m.mov
https://www.freundevonfreunden.com/app/uploads/2020/11/20190211-USM-Jouney_Of_A_Product-SM-02-16x9-MASTER.mov,usm-modular-furniture-brand-digital.html,assets/usm/usm-modular-furniture-20190211-usm-jouney-of-a-product-sm-02-1.mov
https://www.freundevonfreunden.com/app/uploads/2020/11/20190211-USM-Jouney_Of_A_Product-SM-03-16x9-MASTER.mov,usm-modular-furniture-brand-digital.html,assets/usm/usm-modular-furniture-20190211-usm-jouney-of-a-product-sm-03-1.mov
https://www.freundevonfreunden.com/app/uploads/Freunde-von-Freunden-AceTate-Heimatbound-3603-1-1800x1200.jpg,ace-tate-heimatbound-campaign.html,assets/ace-tate/ace-tate-heimatbound-campaign-freunde-von-freunden-acetate-heimatbound.jpg
https://www.freundevonfreunden.com/app/uploads/Freunde-von-Freunden-Aron-Filkey-0006-2-1800x1200.jpg,closed-editorial-portrait-series.html,assets/closed/closed-editorial-portraits-freunde-von-freunden-aron-filkey-0006-2.jpg
https://www.freundevonfreunden.com/app/uploads/d-hauschka-live-streaming-event/21-03-29-FF_Works-Dr_Hauschka-Live-B.mp4,dr-hauschka-brand-campaigns.html,assets/dr-hauschka/dr-hauschka-brand-campaigns-21-03-29-ff-works-dr-hauschka-live-b.mp4
https://www.freundevonfreunden.com/app/uploads/dr-hauschka-berlin-doerte-de-jesus/210803_FF_Dr-Hauschka-D%C3%B6rte_loop.mp4,dr-hauschka-brand-campaigns.html,assets/dr-hauschka/dr-hauschka-brand-campaigns-210803-ff-dr-hauschka-d-c3-b6rte-loop.mp4
https://www.freundevonfreunden.com/app/uploads/dr-hauschka-munich-julia-leeb/210804_Dr_hauschka_Julia_loop_2-1.mp4,dr-hauschka-brand-campaigns.html,assets/dr-hauschka/dr-hauschka-brand-campaigns-210804-dr-hauschka-julia-loop-2-1.mp4
https://www.freundevonfreunden.com/app/uploads/dr-hauschka/ff-drhauschka-case-2021-summer-line.mp4,dr-hauschka-brand-campaigns.html,assets/dr-hauschka/dr-hauschka-brand-campaigns-ff-drhauschka-case-2021-summer-line.mp4
https://www.freundevonfreunden.com/app/uploads/dr-hauschka/ff-drhauschka-case-let-nature-in.mp4,dr-hauschka-brand-campaigns.html,assets/dr-hauschka/dr-hauschka-brand-campaigns-ff-drhauschka-case-let-nature-in.mp4
https://www.freundevonfreunden.com/app/uploads/louis-vuitton-a-global-employer-branding-campaign-and-extended-work-culture-documentary/Friends-of-Friends-LV-Asniers-0241.jpg,louis-vuitton-employer-branding-campaign.html,assets/louis-vuitton/louis-vuitton-employer-branding-friends-of-friends-lv-asniers-0241.jpg
https://www.freundevonfreunden.com/app/uploads/louis-vuitton-a-global-employer-branding-campaign-and-extended-work-culture-documentary/Friends-of-Friends-LV-CommunicationMedia-1282.jpg,louis-vuitton-employer-branding-campaign.html,assets/louis-vuitton/louis-vuitton-employer-branding-friends-of-friends-lv-communicationmedia.jpg
https://www.freundevonfreunden.com/app/uploads/louis-vuitton-a-global-employer-branding-campaign-and-extended-work-culture-documentary/Image-from-iOS-4_CROP-2048x1365.jpg,louis-vuitton-employer-branding-campaign.html,assets/louis-vuitton/louis-vuitton-employer-branding-image-from-ios-4-crop-2048x1365.jpg
https://www.freundevonfreunden.com/app/uploads/louis-vuitton-a-global-employer-branding-campaign-and-extended-work-culture-documentary/LV_5-1800x1152.png,louis-vuitton-employer-branding-campaign.html,assets/louis-vuitton/louis-vuitton-employer-branding-lv-5-1800x1152.png
https://www.freundevonfreunden.com/app/uploads/louis-vuitton-a-global-employer-branding-campaign-and-extended-work-culture-documentary/v2_lv_graded_render_h264-Original_Sub_04_2.mp4,louis-vuitton-employer-branding-campaign.html,assets/louis-vuitton/louis-vuitton-employer-branding-v2-lv-graded-render-h264-original-sub-04.mp4
https://www.freundevonfreunden.com/app/uploads/louis-vuitton-a-global-employer-branding-campaign-and-extended-work-culture-documentary/v2_lv_graded_render_h264-Original_Sub_05_1.mp4,louis-vuitton-employer-branding-campaign.html,assets/louis-vuitton/louis-vuitton-employer-branding-v2-lv-graded-render-h264-original-sub-05.mp4
https://www.freundevonfreunden.com/app/uploads/ritz-carlton-berlins-golden-gala-2019/20190320-Ritz_Carlton-Gala_Night-LV-MASTER-Loop-01.mp4,ritz-carlton-berlin-brand-event.html,assets/ritz-carlton/ritz-carlton-gala-event-20190320-ritz-carlton-gala-night-lv-mast.mp4
https://www.freundevonfreunden.com/app/uploads/siemens-culinary-encounters/20180114-Siemens-Culinary_Encounters-Sophia_Rudolph-CD-copmressed.mp4,siemens-culinary-encounters.html,assets/siemens/siemens-culinary-encounters-20180114-siemens-culinary-encounters-sop.mp4
https://www.freundevonfreunden.com/app/uploads/sonos-ifa-2018/Freunde-von-Freunden-Sonos-IFA-IMG_1211-1800x1200.jpg,sonos-listening-better-brand-activation.html,assets/sonos/sonos-brand-activation-freunde-von-freunden-sonos-ifa-img-1211.jpg
https://www.freundevonfreunden.com/app/uploads/spaces/Freunde-von-Freunden-Apartment-1256-1600x1067-1.jpg,fvf-friends-space-apartment.html,assets/fvf-friends-space-apartment/fvf-friends-space-apartment-friends-space-freunde-von-freunden-apartment-1256-1600.jpg
https://www.freundevonfreunden.com/app/uploads/spaces/Oksdah2o.jpeg,fvf-friends-space-apartment.html,assets/fvf-friends-space-apartment/fvf-friends-space-apartment-friends-space-oksdah2o.jpeg
https://www.freundevonfreunden.com/app/uploads/work/FF-Showreel_Animation_2021-V3.mp4,friends-of-friends-brand-identity-web.html,assets/friends-of-friends/friends-of-friends-publication-brand-ff-showreel-animation-2021-v3.mp4
https://www.hay.com/globalassets/media/brandsite/hays-world/news/2018-milan-design-week/no-setup-milan-2018.jpg?w=1400,hay-creative-direction.html,assets/hay/hay-creative-direction-no-setup-milan-2018.jpg
https://www.moresleep.net/wp-content/uploads/2017/05/MoreSleep-MINI-4824-1-1024x683.jpg,mini-the-sooner-now-brand-campaign.html,assets/mini/mini-brand-campaign-moresleep-mini-4824-1-1024x683.jpg
https://www.moresleep.net/wp-content/uploads/2017/05/MoreSleep-MINI-4828-1024x683.jpg,mini-the-sooner-now-brand-campaign.html,assets/mini/mini-brand-campaign-moresleep-mini-4828-1024x683.jpg
https://www.moresleep.net/wp-content/uploads/2017/05/MoreSleep-MINI-4831-1024x683.jpg,mini-the-sooner-now-brand-campaign.html,assets/mini/mini-brand-campaign-moresleep-mini-4831-1024x683.jpg
https://www.moresleep.net/wp-content/uploads/2017/05/MoreSleep-MINI-4838-1024x683.jpg,mini-the-sooner-now-brand-campaign.html,assets/mini/mini-brand-campaign-moresleep-mini-4838-1024x683.jpg
https://www.moresleep.net/wp-content/uploads/2017/05/MoreSleep-MINI-4842-1024x683.jpg,mini-the-sooner-now-brand-campaign.html,assets/mini/mini-brand-campaign-moresleep-mini-4842-1024x683.jpg
https://www.moresleep.net/wp-content/uploads/2017/05/MoreSleep-MINI-4851-1024x683.jpg,mini-the-sooner-now-brand-campaign.html,assets/mini/mini-brand-campaign-moresleep-mini-4851-1024x683.jpg
https://www.moresleep.net/wp-content/uploads/2017/05/MoreSleep-MINI-4856-1-1024x683.jpg,mini-the-sooner-now-brand-campaign.html,assets/mini/mini-brand-campaign-moresleep-mini-4856-1-1024x683.jpg
https://www.moresleep.net/wp-content/uploads/2019/11/03-Colour-1024x569.jpg,mini-the-sooner-now-brand-campaign.html,assets/mini/mini-brand-campaign-03-colour-1024x569.jpg
https://www.moresleep.net/wp-content/uploads/2019/11/05-Image-1024x569.jpg,mini-the-sooner-now-brand-campaign.html,assets/mini/mini-brand-campaign-05-image-1024x569.jpg
https://www.moresleep.net/wp-content/uploads/2019/11/06-Image-1024x569.jpg,mini-the-sooner-now-brand-campaign.html,assets/mini/mini-brand-campaign-06-image-1024x569.jpg
https://www.moresleep.net/wp-content/uploads/2019/11/07-Image-1024x569.jpg,mini-the-sooner-now-brand-campaign.html,assets/mini/mini-brand-campaign-07-image-1024x569.jpg
https://www.moresleep.net/wp-content/uploads/2019/11/08-Image-1024x569.jpg,mini-the-sooner-now-brand-campaign.html,assets/mini/mini-brand-campaign-08-image-1024x569.jpg
https://www.moresleep.net/wp-content/uploads/2019/11/10-Collateral-1024x569.jpg,mini-the-sooner-now-brand-campaign.html,assets/mini/mini-brand-campaign-10-collateral-1024x569.jpg
https://www.moresleep.net/wp-content/uploads/2019/11/11-Collateral-1024x569.jpg,mini-the-sooner-now-brand-campaign.html,assets/mini/mini-brand-campaign-11-collateral-1024x569.jpg
https://www.moresleep.net/wp-content/uploads/2019/11/190628-TSN-Spotify_Podcast_Cover-1024x1024.jpeg,mini-the-sooner-now-brand-campaign.html,assets/mini/mini-brand-campaign-190628-tsn-spotify-podcast-cover-1024x10.jpeg
https://www.thonet.de/fileadmin/media/07-magazine/reference/Solo_Houses/thonet-solo-house-533px_02.jpg,thonet-brand-narrative.html,assets/thonet/thonet-brand-narrative-thonet-solo-house-533px-02.jpg
https://yourhome.moresleep.net,facebook-privacy-interactive.html,assets/facebook-privacy/facebook-privacy-brand-yourhome-moresleep.net
https://www.moresleep.net/wp-content/uploads/2020/04/moresleep-bruto-branding-restaurant-1024x569.jpg,bruto-restaurant-branding.html,assets/bruto/bruto-branding-moresleep-bruto-branding-restaurant-1024x569.jpg
https://www.moresleep.net/wp-content/uploads/2020/04/moresleep-bruto-logo.mp4,bruto-restaurant-branding.html,assets/bruto/bruto-branding-moresleep-bruto-logo.mp4
https://www.moresleep.net/wp-content/uploads/2020/04/moresleep-bruto-furniture-1024x569.jpg,bruto-restaurant-branding.html,assets/bruto/bruto-branding-moresleep-bruto-furniture-1024x569.jpg
https://www.moresleep.net/wp-content/uploads/2020/04/moresleep-bruto-signage-1024x569.jpg,bruto-restaurant-branding.html,assets/bruto/bruto-branding-moresleep-bruto-signage-1024x569.jpg
https://www.moresleep.net/wp-content/uploads/2020/04/moresleep-bruto-menu-1024x569.jpg,bruto-restaurant-branding.html,assets/bruto/bruto-branding-moresleep-bruto-menu-1024x569.jpg
https://www.moresleep.net/wp-content/uploads/2020/04/moresleep-bruto-mobileIGsocial-1024x569.jpg,bruto-restaurant-branding.html,assets/bruto/bruto-branding-moresleep-bruto-mobileigsocial-1024x569.jpg
https://www.moresleep.net/wp-content/uploads/2020/04/roadbike-people-1024x680.jpg,internetstores-brand-digital.html,assets/internetstores/internetstores-brand-digital-roadbike-people-1024x680.jpg
https://www.moresleep.net/wp-content/uploads/2020/04/MoreSleep-Internet-Stores-Logo-03-1024x569.jpg,internetstores-brand-digital.html,assets/internetstores/internetstores-brand-digital-moresleep-internet-stores-logo-03-1024x569.jpg
https://www.moresleep.net/wp-content/uploads/2020/04/200324-MS-Internet_Stores-Case_Studies-typeface-1-1024x569.png,internetstores-brand-digital.html,assets/internetstores/internetstores-brand-digital-200324-ms-internet-stores-case-studies-typeface-1-1024x569.png
https://www.moresleep.net/wp-content/uploads/2020/04/20-04-14-MoreSleep-Internet_Stores-Macbook_Air_2018_Mockup-FHD-H264-LowRes.mp4,internetstores-brand-digital.html,assets/internetstores/internetstores-brand-digital-20-04-14-moresleep-internet-stores-macbook-air-2018-mockup-fhd-h264-lowres.mp4
https://www.moresleep.net/wp-content/uploads/2020/04/MoreSleep-Internet-Stores-Web-page-08-1024x569.jpg,internetstores-brand-digital.html,assets/internetstores/internetstores-brand-digital-moresleep-internet-stores-web-page-08-1024x569.jpg
https://www.moresleep.net/wp-content/uploads/2020/04/MoreSleep-Internet-Stores-People-on-adventure-07-1024x569.jpg,internetstores-brand-digital.html,assets/internetstores/internetstores-brand-digital-moresleep-internet-stores-people-on-adventure-07-1024x569.jpg
https://www.moresleep.net/wp-content/uploads/2018/01/download-1024x788.png,mezcla-brand-digital.html,assets/mezcla/mezcla-brand-digital-download-1024x788.png
https://www.moresleep.net/wp-content/uploads/2017/07/MS_Website-mezcla_1-1024x513.jpg,mezcla-brand-digital.html,assets/mezcla/mezcla-brand-digital-ms-website-mezcla-1-1024x513.jpg
https://www.moresleep.net/wp-content/uploads/2017/07/170707-mezcla_video_MSWebsite.mov,mezcla-brand-digital.html,assets/mezcla/mezcla-brand-digital-170707-mezcla-video-mswebsite.mov
https://www.moresleep.net/wp-content/uploads/2017/07/MS_Website-mezcla_2-1024x513.jpg,mezcla-brand-digital.html,assets/mezcla/mezcla-brand-digital-ms-website-mezcla-2-1024x513.jpg
https://www.moresleep.net/wp-content/uploads/2019/05/190524-ORNO-00_Header_02-1024x569.jpg,orno-pizza-branding.html,assets/orno/orno-branding-190524-orno-00-header-02-1024x569.jpg
https://www.moresleep.net/wp-content/uploads/2019/05/190524-ORNO-04_Logo_Animation.mp4,orno-pizza-branding.html,assets/orno/orno-branding-190524-orno-04-logo-animation.mp4
https://www.moresleep.net/wp-content/uploads/2019/05/190524-ORNO-02_Type_01-1-1024x569.jpg,orno-pizza-branding.html,assets/orno/orno-branding-190524-orno-02-type-01-1-1024x569.jpg
https://www.moresleep.net/wp-content/uploads/2019/05/190524-ORNO-05_Stickers-1-1024x569.jpg,orno-pizza-branding.html,assets/orno/orno-branding-190524-orno-05-stickers-1-1024x569.jpg
https://www.moresleep.net/wp-content/uploads/2019/05/190524-ORNO-07_Flyers-1024x569.jpg,orno-pizza-branding.html,assets/orno/orno-branding-190524-orno-07-flyers-1024x569.jpg
https://www.moresleep.net/wp-content/uploads/2019/05/ORNO-PIzza-Box-Mockup-1024x677.jpg,orno-pizza-branding.html,assets/orno/orno-branding-orno-pizza-box-mockup-1024x677.jpg
https://www.moresleep.net/wp-content/uploads/2019/05/ORNO-2022-Website-1024x683.jpg,orno-pizza-branding.html,assets/orno/orno-branding-orno-2022-website-1024x683.jpg
https://www.moresleep.net/wp-content/uploads/2019/08/3-683x1024.jpg,puro-hotels-brand-identity.html,assets/puro-hotels/puro-hotels-brand-identity-3-683x1024.jpg
https://www.moresleep.net/wp-content/uploads/2019/06/190606_Puro-Hotels_Magari_01_Logo-1024x569.jpg,puro-hotels-brand-identity.html,assets/puro-hotels/puro-hotels-brand-identity-190606-puro-hotels-magari-01-logo-1024x569.jpg
https://www.moresleep.net/wp-content/uploads/2019/06/190606_Puro-Hotels_Magari_02_Image_op2-1-1024x569.jpg,puro-hotels-brand-identity.html,assets/puro-hotels/puro-hotels-brand-identity-190606-puro-hotels-magari-02-image-op2-1-1024x569.jpg
https://www.moresleep.net/wp-content/uploads/2019/06/190606_Puro-Hotels_Magari_06_Menu-covers-1024x569.jpg,puro-hotels-brand-identity.html,assets/puro-hotels/puro-hotels-brand-identity-190606-puro-hotels-magari-06-menu-covers-1024x569.jpg
https://www.moresleep.net/wp-content/uploads/2019/06/190606_Puro-Hotels_Loreta_01_Logo-op1-1024x569.jpg,puro-hotels-brand-identity.html,assets/puro-hotels/puro-hotels-brand-identity-190606-puro-hotels-loreta-01-logo-op1-1024x569.jpg
https://www.moresleep.net/wp-content/uploads/2019/06/190606_Puro-Hotels_Loreta_02_Image-1-1024x569.jpg,puro-hotels-brand-identity.html,assets/puro-hotels/puro-hotels-brand-identity-190606-puro-hotels-loreta-02-image-1-1024x569.jpg
https://www.moresleep.net/wp-content/uploads/2019/06/190606_Puro-Hotels_Loreta_09_Image-drinks-1-1024x569.jpg,puro-hotels-brand-identity.html,assets/puro-hotels/puro-hotels-brand-identity-190606-puro-hotels-loreta-09-image-drinks-1-1024x569.jpg
https://www.moresleep.net/wp-content/uploads/2017/06/IMG_1708-683x1024.jpg,selfnation-campaign.html,assets/selfnation/selfnation-campaign-img-1708-683x1024.jpg
https://www.moresleep.net/wp-content/uploads/2017/06/Selfnation-Branner-1.gif,selfnation-campaign.html,assets/selfnation/selfnation-campaign-selfnation-branner-1.gif
https://www.moresleep.net/wp-content/uploads/2017/06/MSWebsite_Selfnation_Banners-1024x832.png,selfnation-campaign.html,assets/selfnation/selfnation-campaign-mswebsite-selfnation-banners-1024x832.png
https://www.moresleep.net/wp-content/uploads/2019/10/SWAYED-MOBILE-LANDING_PAGE4-1024x569.jpg,swayed-ai-branding.html,assets/swayed/swayed-branding-swayed-mobile-landing-page4-1024x569.jpg
https://www.moresleep.net/wp-content/uploads/2019/10/191003-Swayed-Logo-1024x569.jpg,swayed-ai-branding.html,assets/swayed/swayed-branding-191003-swayed-logo-1024x569.jpg
https://www.moresleep.net/wp-content/uploads/2019/10/191008-Swayed-business_cards-1024x569.jpg,swayed-ai-branding.html,assets/swayed/swayed-branding-191008-swayed-business-cards-1024x569.jpg
https://www.moresleep.net/wp-content/uploads/2019/10/191008-Swayed-MS_Website-2_images-1024x569.jpg,swayed-ai-branding.html,assets/swayed/swayed-branding-191008-swayed-ms-website-2-images-1024x569.jpg
https://www.moresleep.net/wp-content/uploads/2019/10/Freunde-von-Freunden-Johannes-Weber-5608-1-683x1024.jpg,weiler-brand-identity.html,assets/weiler/weiler-brand-identity-freunde-von-freunden-johannes-weber-5608-1-683x1024.jpg
https://www.moresleep.net/wp-content/uploads/2019/10/Freunde-von-Freunden-Johannes-Weber-5712-1024x683.jpg,weiler-brand-identity.html,assets/weiler/weiler-brand-identity-freunde-von-freunden-johannes-weber-5712-1024x683.jpg
https://www.moresleep.net/wp-content/uploads/2019/10/191023-MS-Weiler343-1024x569.jpg,weiler-brand-identity.html,assets/weiler/weiler-brand-identity-191023-ms-weiler343-1024x569.jpg
https://www.moresleep.net/wp-content/uploads/2019/10/Weiler-IMG_1067_lowres-1024x683.jpg,weiler-brand-identity.html,assets/weiler/weiler-brand-identity-weiler-img-1067-lowres-1024x683.jpg
https://www.moresleep.net/wp-content/uploads/2019/10/Weiler-IMG_1138-2_Highres-1024x683.jpg,weiler-brand-identity.html,assets/weiler/weiler-brand-identity-weiler-img-1138-2-highres-1024x683.jpg
https://www.moresleep.net/wp-content/uploads/2019/10/moresleep-weiler-website-mockup_01-2-1024x569.jpg,weiler-brand-identity.html,assets/weiler/weiler-brand-identity-moresleep-weiler-website-mockup-01-2-1024x569.jpg
https://www.moresleep.net/wp-content/uploads/2020/11/uZjiiXJG-1024x682.png,ziegert-real-estate-event.html,assets/ziegert/ziegert-real-estate-event-uzjiixjg-1024x682.png
https://www.moresleep.net/wp-content/uploads/2020/11/tO8Oro30.jpeg,ziegert-real-estate-event.html,assets/ziegert/ziegert-real-estate-event-to8oro30.jpeg
https://www.moresleep.net/wp-content/uploads/2020/11/Iqfhc2qs.jpeg,ziegert-real-estate-event.html,assets/ziegert/ziegert-real-estate-event-iqfhc2qs.jpeg
https://www.moresleep.net/wp-content/uploads/2020/11/201110-MS_Creds-Satelite.m4v,ziegert-real-estate-event.html,assets/ziegert/ziegert-real-estate-event-201110-ms-creds-satelite.m4v
https://www.moresleep.net/wp-content/uploads/2020/11/OZbC6HyM-1024x696.png,ziegert-real-estate-event.html,assets/ziegert/ziegert-real-estate-event-ozbc6hym-1024x696.png
https://www.moresleep.net/wp-content/uploads/2020/11/hvlhT23T-1024x762.png,ziegert-real-estate-event.html,assets/ziegert/ziegert-real-estate-event-hvlht23t-1024x762.png
https://www.freundevonfreunden.com/app/uploads/setting-a-new-stage-in-berlin-with-actor-turned-entrepreneur-gizem-emre/20190509-ClassPass-Berlin-Editorial_Loop-Header-no-sound.mp4,classpass-bethebalance-campaign.html,assets/classpass/classpass-bethebalance-campaign-editorial-gizem-emre-berlin-loop-header.mp4
https://www.freundevonfreunden.com/app/uploads/transforming-literary-gems-into-intricate-trinkets-with-jewelry-designer-louise-damas/20190524-ClassPass-Paris-Editorial_Loops-Header.mp4,classpass-bethebalance-campaign.html,assets/classpass/classpass-bethebalance-campaign-editorial-louise-damas-paris-loop-header.mp4
https://www.freundevonfreunden.com/app/uploads/keeping-pace-with-munich-based-triathlete-doctor-and-author-marie-luise-klietz/20190605_ClassPass_Header-Loop.mp4,classpass-bethebalance-campaign.html,assets/classpass/classpass-bethebalance-campaign-editorial-marie-luise-klietz-munich-loop-header.mp4
https://kress-cloud.com/news_detail_slider/uploads/news/TheIconist_screenshots_1.jpg,iconist-ipad-app.html,assets/iconist/iconist-ipad-app-screenshot-1.jpg
https://kress-cloud.com/news_detail_slider/uploads/news/TheIconist_screenshots_4.jpg,iconist-ipad-app.html,assets/iconist/iconist-ipad-app-screenshot-4.jpg
https://kress-cloud.com/news_detail_slider/uploads/news/TheIconist_screenshots_5.jpg,iconist-ipad-app.html,assets/iconist/iconist-ipad-app-screenshot-5.jpg
https://kress-cloud.com/news_detail_slider/uploads/news/TheIconist_screenshots_8.jpg,iconist-ipad-app.html,assets/iconist/iconist-ipad-app-screenshot-8.jpg
https://www.freundevonfreunden.com/app/uploads/in-a-world-of-technology-designer-ruth-bartlett-builds-her-brand-by-going-back-to-basics/Manufactum-Loop-4.mp4,manufactum-alltagsfreude-ruth-bartlett.html,assets/manufactum/manufactum-alltagsfreude-ruth-bartlett-loop-4.mp4
https://www.freundevonfreunden.com/app/uploads/in-a-world-of-technology-designer-ruth-bartlett-builds-her-brand-by-going-back-to-basics/Manufactum-Loop-9.mp4,manufactum-alltagsfreude-ruth-bartlett.html,assets/manufactum/manufactum-alltagsfreude-ruth-bartlett-loop-9.mp4
https://www.freundevonfreunden.com/app/uploads/in-a-world-of-technology-designer-ruth-bartlett-builds-her-brand-by-going-back-to-basics/Manufactum-Loop-7.mp4,manufactum-alltagsfreude-ruth-bartlett.html,assets/manufactum/manufactum-alltagsfreude-ruth-bartlett-loop-7.mp4
https://www.freundevonfreunden.com/app/uploads/in-a-world-of-technology-designer-ruth-bartlett-builds-her-brand-by-going-back-to-basics/Manufactum-Loop-3.mp4,manufactum-alltagsfreude-ruth-bartlett.html,assets/manufactum/manufactum-alltagsfreude-ruth-bartlett-loop-3.mp4
https://www.freundevonfreunden.com/app/uploads/valencia-based-artist-and-designer-jaime-hayon-believes-that-hybridity-is-the-mother-of-invention/20190405-tradition-Studio_Visit-Jame_Hayon-Client-Editorial_Loops-05.mp4,and-tradition-jaime-hayon.html,assets/and-tradition/and-tradition-jaime-hayon-studio-visit-loop-05.mp4
https://www.freundevonfreunden.com/app/uploads/valencia-based-artist-and-designer-jaime-hayon-believes-that-hybridity-is-the-mother-of-invention/20190405-tradition-Studio_Visit-Jame_Hayon-Client-Editorial_Loops-03.mp4,and-tradition-jaime-hayon.html,assets/and-tradition/and-tradition-jaime-hayon-studio-visit-loop-03.mp4
https://www.freundevonfreunden.com/app/uploads/valencia-based-artist-and-designer-jaime-hayon-believes-that-hybridity-is-the-mother-of-invention/20190405-tradition-Studio_Visit-Jame_Hayon-Client-Editorial_Loops-04.mp4,and-tradition-jaime-hayon.html,assets/and-tradition/and-tradition-jaime-hayon-studio-visit-loop-04.mp4
https://www.egonzehnder.com/cache/public/xvideo-images-1525102913-9aeb750c29054b8841be02bf15c887c3-CROP-3000x1800.jpg.pagespeed.ic.0vtUVQy2dZ.jpg,egon-zehnder-leadership-interviews.html,assets/egon-zehnder/egon-zehnder-leadership-interviews-frederic-laloux-hero.jpg
https://www.freundevonfreunden.com/app/uploads/qwstion/Freunde-von-Freunden-Qwstion-Company-Profile-Zurich_224-2000x1334.jpg,qwstion-company-portrait.html,assets/qwstion/qwstion-company-portrait-zurich-hero.jpg
https://www.freundevonfreunden.com/app/uploads/why-a-plant-found-in-the-philippine-jungle-could-be-the-future-of-sustainable-fabric/15-Freunde-von-Freunden-Qwstion-STRIPPING-2-Â©-LAUSCHSICHT-2000x1334.jpg,qwstion-company-portrait.html,assets/qwstion/qwstion-company-portrait-bananatex-stripping.jpg
https://www.freundevonfreunden.com/app/uploads/de-von-der-faser-bis-zur-tasche-fuer-qwstion-beginnt-gutes-design-mit-der-entwicklung-des-materials/Freunde-von-Freunden-Qwstion-Company-Profile-Zurich_036-1-2000x1334.jpg,qwstion-company-portrait.html,assets/qwstion/qwstion-company-portrait-studio-036.jpg
https://www.freundevonfreunden.com/app/uploads/eine-neue-generation-von-ladenbetreibern-belebt-den-einzelhandel-mit-konzepten-fur-zeitgemases-einkaufen/Freunde-von-Freunden-Qwestion-Copenhagen-11-2000x1428.jpg,qwstion-company-portrait.html,assets/qwstion/qwstion-company-portrait-store-copenhagen.jpg
https://www.freundevonfreunden.com/app/uploads/spaces/Oksdah2o.jpeg,siemens-home-appliances.html,assets/siemens/siemens-friends-space-kitchen-berlin.jpeg
https://wp.andtradition.com/wp-content/uploads/2019/09/Freunde-von-Freunden-Friends-Space-5672-1200x1200.jpg,siemens-home-appliances.html,assets/siemens/siemens-friends-space-kreuzberg.jpg
https://www.freundevonfreunden.com/app/uploads/kolja-stegemann/Stegemann-FvF-Loops_2.mov,siemens-home-appliances.html,assets/siemens/siemens-home-stories-kolja-stegemann-loop.mp4
https://www.freundevonfreunden.com/app/uploads/verbs-before-nouns-simon-astridge-on-transforming-actions-into-architecture/Simon-Astridge-Loop-01.mp4,siemens-home-appliances.html,assets/siemens/siemens-home-stories-simon-astridge-loop.mp4
https://www.freundevonfreunden.com/app/uploads/how-architect-kevin-chu-and-his-wife-giulia-dibonaventura-promote-sustainable-lifestyles-in-hong-kong/Freunde-von-Freunden-Siemens-Kevin-Chu-Loop-01.webm,siemens-home-appliances.html,assets/siemens/siemens-home-stories-kevin-chu-loop.webm
https://www.freundevonfreunden.com/app/uploads/a-testament-to-preserving-industrial-heritage-in-the-dutch-countryside-with-the-de-grijze-silo/20180806-Siemens-Home_Stories-Grijze_Silo-Loop-01.mp4,siemens-home-appliances.html,assets/siemens/siemens-home-stories-grijze-silo-loop.mp4
https://www.freundevonfreunden.com/app/uploads/christina-hjeltnes-gronning-revamps-traditional-norwegian-dishes/20180115-Siemens-Culinary_Encounters-Christina_Gronning-Editorial_Loop-02.mp4,siemens-home-appliances.html,assets/siemens/siemens-culinary-encounters-christina-gronning-editorial-loop.mp4
https://www.freundevonfreunden.com/app/uploads/sophia-rudolph-turns-heads-in-the-culinary-world-with-precision-and-ambition/20190130-Siemens-Culinary_Encounters-Sophia_Rudolph-Editorial_Loop-04.webm,siemens-home-appliances.html,assets/siemens/siemens-culinary-encounters-sophia-rudolph-editorial-loop.webm
https://www.freundevonfreunden.com/app/uploads/Freunde-von-Freunden-Simon-Astridge-3879.jpg,siemens-home-appliances.html,assets/siemens/siemens-home-stories-simon-astridge-london.jpg
https://www.freundevonfreunden.com/app/uploads/john-henry/Freunde-von-Freunden-John-Henry-0126.jpg,siemens-home-appliances.html,assets/siemens/siemens-home-stories-john-henry-melbourne.jpg
https://www.freundevonfreunden.com/app/uploads/kevin-chu/Freunde-von-Freunden-Kevin-Chu-Giulia-Dibonaventura-1123.jpg,siemens-home-appliances.html,assets/siemens/siemens-home-stories-kevin-chu-hong-kong.jpg
https://www.freundevonfreunden.com/app/uploads/a-testament-to-preserving-industrial-heritage-in-the-dutch-countryside-with-the-de-grijze-silo/Freunde-von-Freunden-Anjo-van-den-Brink-Jose-van-der-Griendt-279.jpg,siemens-home-appliances.html,assets/siemens/siemens-home-stories-de-grijze-silo-deventer.jpg
https://www.freundevonfreunden.com/app/uploads/barkow-leibinger-siemens-arch-dialogues/Freunde-von-Freunden-Barkow-Leibinger-130-header.jpg,siemens-home-appliances.html,assets/siemens/siemens-architect-dialogues-barkow-leibinger-berlin.jpg
https://www.freundevonfreunden.com/app/uploads/antonin-ziegler-siemens-arch-dialogues/Freunde-von-Freunden-Siemens-Antonin-Ziegler-960.jpg,siemens-home-appliances.html,assets/siemens/siemens-architect-dialogues-antonin-ziegler-paris.jpg
https://www.freundevonfreunden.com/app/uploads/marc-koehler-siemens-arch-dialogues/Freunde-von-Freunden-Marc-Koehler-7427-1.jpg,siemens-home-appliances.html,assets/siemens/siemens-architect-dialogues-marc-koehler-amsterdam.jpg
https://www.freundevonfreunden.com/app/uploads/joanna-laajisto-siemens-arch-dialogues/Freunde-von-Freunden-Joanna-Laajisto_0624.jpg,siemens-home-appliances.html,assets/siemens/siemens-architect-dialogues-joanna-laajisto-helsinki.jpg
https://www.freundevonfreunden.com/app/uploads/john-henry/Freunde-von-Freunden-Siemens-John-Henry-Loop-Header_.mp4,siemens-home-appliances.html,assets/siemens/siemens-home-stories-john-henry-loop.mp4
https://www.moresleep.net/wp-content/uploads/2023/10/Venue-Screen-01-Standard-Mockup-Video-opti.mp4,staging/frederik-pferdt-personal-brand-identity.html,,localise
https://www.moresleep.net/wp-content/uploads/2024/05/FP-Mobile_Page-Scrolling-16x9-1.mp4,staging/frederik-pferdt-personal-brand-identity.html,,localise
https://www.moresleep.net/wp-content/uploads/2024/05/LEWIS-Mobile-Animation-3-mobile-screens.mp4,staging/lewis-group-brand-identity-web-design.html,,localise
https://www.moresleep.net/wp-content/uploads/2023/08/Home_header-final.mp4,staging/lewis-group-brand-identity-web-design.html,,localise
https://www.moresleep.net/wp-content/uploads/2024/09/241016_Homepage-Scroll.mp4,staging/lewis-group-brand-identity-web-design.html,,localise
https://www.moresleep.net/wp-content/uploads/2024/09/Lewis-Group-of-Companies.mp4,staging/lewis-group-brand-identity-web-design.html,,localise
https://www.moresleep.net/wp-content/uploads/2024/09/Lewis-Billboard_Poster-Mockup-683x1024.jpg,staging/lewis-group-brand-identity-web-design.html,,localise
https://www.moresleep.net/wp-content/uploads/2024/09/Lewis-Billboard_Nature-Mockup-1024x683.jpg,staging/lewis-group-brand-identity-web-design.html,assets/lewis-group/lewis-group-frede-lewis-billboard-nature-mockup-1024x683-25.webp,localise
https://www.moresleep.net/wp-content/uploads/2024/05/lewis-bus-top-1024x683.png,staging/lewis-group-brand-identity-web-design.html,assets/lewis-group/lewis-group-frede-lewis-bus-top-1024x683-26.webp,localise
https://www.moresleep.net/wp-content/uploads/2024/05/LEWIS-Website_Screens-GIF.gif,staging/lewis-group-brand-identity-web-design.html,assets/lewis-group/lewis-group-frede-lewis-website-screens-gif-27.webp,localise
https://www.moresleep.net/wp-content/uploads/2024/05/LEWIS-Stationary-A4_Mockup-copy-1024x683.jpg,staging/lewis-group-brand-identity-web-design.html,assets/lewis-group/lewis-group-frede-lewis-stationary-a4-mockup-copy-1024x683-28.webp,localise
https://www.moresleep.net/wp-content/uploads/2024/05/Lewis-Mockup-GrabDrop_00072_Sign-copy-1024x683.jpg,staging/lewis-group-brand-identity-web-design.html,assets/lewis-group/lewis-group-frede-lewis-mockup-grabdrop-00072-sign-copy-10-29.webp,localise
https://www.moresleep.net/wp-content/uploads/2024/05/LEWIS-Billboard_Poster-Mockup-Retail-1024x683.jpg,staging/lewis-group-brand-identity-web-design.html,assets/lewis-group/lewis-group-frede-lewis-billboard-poster-mockup-retail-102-30.webp,localise
https://www.moresleep.net/wp-content/uploads/2024/05/LEWIS-Hat-Mockup-1024x666.jpg,staging/lewis-group-brand-identity-web-design.html,assets/lewis-group/lewis-group-frede-lewis-hat-mockup-1024x666-31.webp,localise
https://www.moresleep.net/wp-content/themes/moresleep/assets/images/footer-berlin.jpg,staging/lewis-group-brand-identity-web-design.html,assets/lewis-group/lewis-group-frede-footer-berlin-32.webp,localise
https://www.moresleep.net/wp-content/themes/moresleep/assets/images/footer-la.jpg,staging/lewis-group-brand-identity-web-design.html,assets/lewis-group/lewis-group-frede-footer-la-33.webp,localise
https://www.moresleep.net/wp-content/uploads/2024/05/230817-LEWIS-Animated-Logo-Videos_Background-opti.mp4,staging/lewis-group-brand-identity-web-design.html,,localise
https://www.moresleep.net/wp-content/uploads/2024/05/230817-LEWIS-Website-Header-optimised.mp4,staging/lewis-group-brand-identity-web-design.html,,localise
https://www.moresleep.net/wp-content/uploads/2024/06/Keynote_Shape-10-1024x576.png,staging/frederik-pferdt-personal-brand-identity.html,assets/pferdt/pferdt-frede-keynote-shape-10-1024x576-39.webp,localise
https://www.moresleep.net/wp-content/uploads/2023/10/IG-FGP-01-819x1024.jpg,staging/frederik-pferdt-personal-brand-identity.html,assets/pferdt/pferdt-frede-ig-fgp-01-819x1024-40.webp,localise
https://www.moresleep.net/wp-content/uploads/2024/06/FP-Logo_Shape-16x9-1-1024x576.jpg,staging/frederik-pferdt-personal-brand-identity.html,assets/pferdt/pferdt-frede-fp-logo-shape-16x9-1-1024x576-41.webp,localise
https://www.moresleep.net/wp-content/uploads/2023/10/FP-Social_Media-IG-Story-1024x576.jpg,staging/frederik-pferdt-personal-brand-identity.html,assets/pferdt/pferdt-frede-fp-social-media-ig-story-1024x576-42.webp,localise
https://www.moresleep.net/wp-content/uploads/2023/10/IG-FGP-02.mp4,staging/frederik-pferdt-personal-brand-identity.html,,localise
https://www.moresleep.net/wp-content/uploads/2024/05/BIANCA-bg_img-cactus-1024x682.jpg,staging/bianca-chen-brand-identity.html,assets/bianca-chen/bianca-chen-frede-bianca-bg-img-cactus-1024x682-44.webp,localise
https://www.moresleep.net/wp-content/uploads/2024/05/02-1024x683.jpg,staging/bianca-chen-brand-identity.html,assets/bianca-chen/bianca-chen-frede-02-1024x683-45.webp,localise
https://www.moresleep.net/wp-content/uploads/2024/05/03-1024x683.jpg,staging/bianca-chen-brand-identity.html,assets/bianca-chen/bianca-chen-frede-03-1024x683-46.webp,localise
https://www.moresleep.net/wp-content/uploads/2024/05/04-1024x683.jpg,staging/bianca-chen-brand-identity.html,assets/bianca-chen/bianca-chen-frede-04-1024x683-47.webp,localise
https://www.moresleep.net/wp-content/uploads/2024/05/05-1024x683.jpg,staging/bianca-chen-brand-identity.html,assets/bianca-chen/bianca-chen-frede-05-1024x683-48.webp,localise
https://www.moresleep.net/wp-content/uploads/2024/05/06-1024x683.jpg,staging/bianca-chen-brand-identity.html,assets/bianca-chen/bianca-chen-frede-06-1024x683-49.webp,localise
https://www.moresleep.net/wp-content/uploads/2024/05/08-1024x683.jpg,staging/bianca-chen-brand-identity.html,assets/bianca-chen/bianca-chen-frede-08-1024x683-50.webp,localise
https://www.moresleep.net/wp-content/uploads/2024/05/09-1024x683.jpg,staging/bianca-chen-brand-identity.html,assets/bianca-chen/bianca-chen-frede-09-1024x683-51.webp,localise
https://www.moresleep.net/wp-content/uploads/2024/05/10-1024x683.jpg,staging/bianca-chen-brand-identity.html,assets/bianca-chen/bianca-chen-frede-10-1024x683-52.webp,localise
https://www.moresleep.net/wp-content/uploads/2024/05/11-1024x683.jpg,staging/bianca-chen-brand-identity.html,assets/bianca-chen/bianca-chen-frede-11-1024x683-53.webp,localise
https://www.moresleep.net/wp-content/uploads/2024/05/14-1024x683.jpg,staging/bianca-chen-brand-identity.html,assets/bianca-chen/bianca-chen-frede-14-1024x683-54.webp,localise
https://www.moresleep.net/wp-content/uploads/2024/05/16-1024x683.jpg,staging/bianca-chen-brand-identity.html,assets/bianca-chen/bianca-chen-frede-16-1024x683-55.webp,localise
https://www.moresleep.net/wp-content/uploads/2021/02/FF-iPhone_Collection-3-Wide-1024x641.jpg,staging/bianca-chen-brand-identity.html,assets/bianca-chen/bianca-chen-frede-ff-iphone-collection-3-wide-1024x641-56.webp,localise
https://www.moresleep.net/wp-content/uploads/2024/05/01-nl.mp4,staging/bianca-chen-brand-identity.html,,localise
https://www.moresleep.net/wp-content/uploads/2024/05/07.mp4,staging/bianca-chen-brand-identity.html,,localise
https://www.moresleep.net/wp-content/uploads/2024/05/website-scroll.mp4,staging/bianca-chen-brand-identity.html,,localise
https://www.moresleep.net/wp-content/uploads/2024/05/13.mp4,staging/bianca-chen-brand-identity.html,,localise
https://www.moresleep.net/wp-content/uploads/2024/05/15.mp4?t=1781889913,staging/bianca-chen-brand-identity.html,,localise
https://www.moresleep.net/wp-content/uploads/2023/12/MS-HP_Videos-Mizzuni.mp4,staging/bianca-chen-brand-identity.html,,localise
https://www.moresleep.net/wp-content/uploads/2024/05/roots-mngmt-header_bg-img-1024x640.jpg,staging/roots-management-brand-digital.html,assets/roots-management/roots-management-frede-roots-mngmt-header-bg-img-1024x640-21.webp,localise
https://www.moresleep.net/wp-content/uploads/2024/05/Post-7-1024x682.png,staging/roots-management-brand-digital.html,assets/roots-management/roots-management-frede-post-7-1024x682-22.webp,localise
https://www.moresleep.net/wp-content/uploads/2024/05/Post-9-1024x682.png,staging/roots-management-brand-digital.html,assets/roots-management/roots-management-frede-post-9-1024x682-23.webp,localise
https://www.moresleep.net/wp-content/uploads/2024/05/Post-4-1024x682.png,staging/roots-management-brand-digital.html,assets/roots-management/roots-management-frede-post-4-1024x682-24.webp,localise
https://www.moresleep.net/wp-content/uploads/2024/05/Post-8-1024x682.png,staging/roots-management-brand-digital.html,assets/roots-management/roots-management-frede-post-8-1024x682-25.webp,localise
https://www.moresleep.net/wp-content/uploads/2024/05/Roots-We_Are_Roots-Animated_Visual.mp4,staging/roots-management-brand-digital.html,,localise
https://www.moresleep.net/wp-content/uploads/2024/05/Roots-Desktop_Main-Animation.mp4,staging/roots-management-brand-digital.html,,localise
https://www.moresleep.net/wp-content/uploads/2024/05/Roots-Hover_Interactions.mp4,staging/roots-management-brand-digital.html,,localise
https://www.moresleep.net/wp-content/uploads/2024/05/Roots-Animation-404-Error.mp4,staging/roots-management-brand-digital.html,,localise
https://www.moresleep.net/wp-content/uploads/2024/05/Roots-Multiple-Screens-Scrolling.mp4,staging/roots-management-brand-digital.html,,localise
https://www.moresleep.net/wp-content/uploads/2024/05/Roots-Graffiti_Animation.mp4,staging/roots-management-brand-digital.html,,localise
https://www.moresleep.net/wp-content/uploads/2024/01/ATR-MS-website-bg-1024x575.jpg,staging/art-tech-report-brand-digital.html,assets/art-tech-report/art-tech-report-frede-atr-ms-website-bg-1024x575-5.webp,localise
https://www.moresleep.net/wp-content/uploads/2024/01/ATR-Main-Desktop-Web-16x9-1.mp4,staging/art-tech-report-brand-digital.html,,localise
https://www.moresleep.net/wp-content/uploads/2024/01/ATR-Desktop_Screen-Mockup.mp4,staging/art-tech-report-brand-digital.html,,localise
https://www.moresleep.net/wp-content/uploads/2024/01/ATR-Mobile_Screens.mp4,staging/art-tech-report-brand-digital.html,,localise
https://www.moresleep.net/wp-content/uploads/2024/01/ATR-Hover_Interactions-Animation.mp4,staging/art-tech-report-brand-digital.html,,localise
https://www.moresleep.net/wp-content/uploads/2023/07/LAS-Header-Image-MS-Website-darker-1024x577.jpg,staging/las-art-foundation-brand-identity-motion.html,assets/las-art-foundation/las-art-foundation-frede-las-header-image-ms-website-darker-1024x-39.webp,localise
https://www.moresleep.net/wp-content/uploads/2023/07/Slide-16_9-1-1024x576.jpg,staging/las-art-foundation-brand-identity-motion.html,assets/las-art-foundation/las-art-foundation-frede-slide-16-9-1-1024x576-40.webp,localise
https://www.moresleep.net/wp-content/uploads/2023/07/LAS-Mobile-Mockup-3x2-1-1024x682.jpg,staging/las-art-foundation-brand-identity-motion.html,assets/las-art-foundation/las-art-foundation-frede-las-mobile-mockup-3x2-1-1024x682-41.webp,localise
https://www.moresleep.net/wp-content/uploads/2023/07/LAS-3-Mobile-Screen-3x2-1-1024x682.jpg,staging/las-art-foundation-brand-identity-motion.html,assets/las-art-foundation/las-art-foundation-frede-las-3-mobile-screen-3x2-1-1024x682-42.webp,localise
https://www.moresleep.net/wp-content/uploads/2023/07/LAS-Website-screens-1024x576.png,staging/las-art-foundation-brand-identity-motion.html,assets/las-art-foundation/las-art-foundation-frede-las-website-screens-1024x576-43.webp,localise
https://www.moresleep.net/wp-content/uploads/2023/07/LAS-Website-Video-Main-16x9-LR.mp4,staging/las-art-foundation-brand-identity-motion.html,,localise
https://www.moresleep.net/wp-content/uploads/2023/07/LAS-Animated-Posters-Mockups-16x9-1.mp4,staging/las-art-foundation-brand-identity-motion.html,,localise
https://www.moresleep.net/wp-content/uploads/2023/07/LAS-Social-Media-Animation-16x9-1.mp4,staging/las-art-foundation-brand-identity-motion.html,,localise
https://www.moresleep.net/wp-content/uploads/2023/07/LAS-Branding-Applications-GIF-16x9-1.mp4,staging/las-art-foundation-brand-identity-motion.html,,localise
https://www.moresleep.net/wp-content/uploads/2023/07/LAS-Animated-Poster-UBahn-16x9-1.mp4,staging/las-art-foundation-brand-identity-motion.html,,localise
https://www.moresleep.net/wp-content/uploads/2023/07/LAS-Website-Responsive-Animation-16x9-1.mp4,staging/las-art-foundation-brand-identity-motion.html,,localise
https://www.moresleep.net/wp-content/uploads/2023/07/LAS-UI-Details-Animation-16x9-1.mp4,staging/las-art-foundation-brand-identity-motion.html,,localise
https://www.moresleep.net/wp-content/uploads/2023/07/Mizzuni-Header_Case-Study-1024x620.jpg,staging/mizzuni-ecommerce-brand.html,assets/mizzuni/mizzuni-frede-mizzuni-header-case-study-1024x620-13.webp,localise
https://www.moresleep.net/wp-content/uploads/2023/07/Mizzuni-Mobile_Screens-1024x636.jpg,staging/mizzuni-ecommerce-brand.html,assets/mizzuni/mizzuni-frede-mizzuni-mobile-screens-1024x636-14.webp,localise
https://www.moresleep.net/wp-content/uploads/2023/07/Mizzuni-Website_Mockup-1024x683.jpg,staging/mizzuni-ecommerce-brand.html,assets/mizzuni/mizzuni-frede-mizzuni-website-mockup-1024x683-15.webp,localise
https://www.moresleep.net/wp-content/uploads/2022/01/moresleep-berlin_green-product_02-e1723594040312-815x1024.jpg,staging/mizzuni-ecommerce-brand.html,assets/mizzuni/mizzuni-frede-moresleep-berlin-green-product-02-e17235-16.webp,localise
https://www.moresleep.net/wp-content/uploads/2023/07/230703-Mizzuni-Home_to_Product_Scroll.mp4,staging/mizzuni-ecommerce-brand.html,,localise
https://www.moresleep.net/wp-content/uploads/2023/07/230704-Mizzuni-Logo_Animation.mp4,staging/mizzuni-ecommerce-brand.html,,localise
https://www.moresleep.net/wp-content/uploads/2023/07/230704-Mizzuni-Pro_Page_Scroll.mp4,staging/mizzuni-ecommerce-brand.html,,localise
https://www.moresleep.net/wp-content/uploads/2023/07/230703-Mizzuni-Multiple_Screens-Animation.mp4,staging/mizzuni-ecommerce-brand.html,,localise
https://www.moresleep.net/wp-content/uploads/2023/07/Mizzuni-Mobile-Website_Mockup.mp4,staging/mizzuni-ecommerce-brand.html,,localise
https://www.moresleep.net/wp-content/uploads/2023/07/230703-Mizzuni-UI_Details-01.mp4,staging/mizzuni-ecommerce-brand.html,,localise
https://www.moresleep.net/wp-content/uploads/2023/07/Mizzuni-Sofa-Config_GIF.mp4,staging/mizzuni-ecommerce-brand.html,,localise
https://www.moresleep.net/wp-content/uploads/2023/07/230704-Mizzuni-Draggable_Module-Animation.mp4,staging/mizzuni-ecommerce-brand.html,,localise
https://www.moresleep.net/wp-content/uploads/2023/07/Mizzuni-Side-by-Side-Visual-Case_Study-01.mp4,staging/mizzuni-ecommerce-brand.html,,localise
https://www.moresleep.net/wp-content/uploads/2023/12/MS-HP_Videos-LAS.mp4,staging/mizzuni-ecommerce-brand.html,,localise
https://www.moresleep.net/wp-content/uploads/2024/04/Header_5-1024x576.jpg,staging/spot-asset-management-system.html,assets/spot/spot-frede-header-5-1024x576-25.webp,localise
https://www.moresleep.net/wp-content/uploads/2024/04/Frame-956-1-1024x576.jpg,staging/spot-asset-management-system.html,assets/spot/spot-frede-frame-956-1-1024x576-26.webp,localise
https://www.moresleep.net/wp-content/uploads/2024/04/Frame-957-1-1024x576.jpg,staging/spot-asset-management-system.html,assets/spot/spot-frede-frame-957-1-1024x576-27.webp,localise
https://www.moresleep.net/wp-content/uploads/2024/04/Frame-958-1-1024x576.jpg,staging/spot-asset-management-system.html,assets/spot/spot-frede-frame-958-1-1024x576-28.webp,localise
https://www.moresleep.net/wp-content/uploads/2024/04/SIgnOff.jpg,staging/spot-asset-management-system.html,assets/spot/spot-frede-signoff-29.webp,localise
https://www.moresleep.net/wp-content/uploads/2022/05/mx-schattenfinder-mobile-split-e1723593958777-899x1024.png,staging/spot-asset-management-system.html,assets/spot/spot-frede-mx-schattenfinder-mobile-split-e17235939-30.webp,localise
https://www.moresleep.net/wp-content/uploads/2023/11/SPOT-3-in-1_Websites-Animation-compressed.mp4,staging/spot-asset-management-system.html,,localise
https://www.moresleep.net/wp-content/uploads/2023/11/SPOT-Shattenfinder_Website-Screens-compressed.mp4,staging/spot-asset-management-system.html,,localise
https://www.moresleep.net/wp-content/uploads/2023/11/SPOT-Markilux_Website-Screens-Animation-compressed.mp4,staging/spot-asset-management-system.html,,localise
https://www.moresleep.net/wp-content/uploads/2023/11/SPOT-EV_Website-Screens-compressed.mp4,staging/spot-asset-management-system.html,,localise
https://www.moresleep.net/wp-content/uploads/2022/10/moresleep-wildling-header-1024x682.jpg,staging/wildling-regenerative-sounds.html,assets/wildling/wildling-frede-moresleep-wildling-header-1024x682-21.webp,localise
https://www.moresleep.net/wp-content/uploads/2022/10/moresleep-wildling-mockup-macbook-1024x606.jpg,staging/wildling-regenerative-sounds.html,assets/wildling/wildling-frede-moresleep-wildling-mockup-macbook-1024x6-22.webp,localise
https://www.moresleep.net/wp-content/uploads/2022/10/moresleep-wildling-collage-1024x683.jpg,staging/wildling-regenerative-sounds.html,assets/wildling/wildling-frede-moresleep-wildling-collage-1024x683-23.webp,localise
https://www.moresleep.net/wp-content/uploads/2022/10/moresleep-wildling-tool-bar-1024x683.jpg,staging/wildling-regenerative-sounds.html,assets/wildling/wildling-frede-moresleep-wildling-tool-bar-1024x683-24.webp,localise
https://www.moresleep.net/wp-content/uploads/2022/10/moresleep-wildling-mockup-phone-process-768x1024.jpg,staging/wildling-regenerative-sounds.html,assets/wildling/wildling-frede-moresleep-wildling-mockup-phone-process--25.webp,localise
https://www.moresleep.net/wp-content/uploads/2022/10/moresleep-wilding-mobile-process-01-768x1024.jpg,staging/wildling-regenerative-sounds.html,assets/wildling/wildling-frede-moresleep-wilding-mobile-process-01-768x-26.webp,localise
https://www.moresleep.net/wp-content/uploads/2022/10/moresleep-wildling-mockup-phone-1024x636.jpg,staging/wildling-regenerative-sounds.html,assets/wildling/wildling-frede-moresleep-wildling-mockup-phone-1024x636-27.webp,localise
https://www.moresleep.net/wp-content/uploads/2022/10/moresleep-wcd-header-1024x575.jpg,staging/wirtschaftsclub-dusseldorf-web-design.html,assets/wirtschaftsclub/wirtschaftsclub-frede-moresleep-wcd-header-1024x575-21.webp,localise
https://www.moresleep.net/wp-content/uploads/2022/10/moresleep-wcd-mockup-macbook-home-1024x607.jpg,staging/wirtschaftsclub-dusseldorf-web-design.html,assets/wirtschaftsclub/wirtschaftsclub-frede-moresleep-wcd-mockup-macbook-home-1024x6-22.webp,localise
https://www.moresleep.net/wp-content/uploads/2022/10/moresleep-wcd-stack-01-1024x683.jpg,staging/wirtschaftsclub-dusseldorf-web-design.html,assets/wirtschaftsclub/wirtschaftsclub-frede-moresleep-wcd-stack-01-1024x683-23.webp,localise
https://www.moresleep.net/wp-content/uploads/2022/10/moresleep-wcd-illustrations-1024x674.jpg,staging/wirtschaftsclub-dusseldorf-web-design.html,assets/wirtschaftsclub/wirtschaftsclub-frede-moresleep-wcd-illustrations-1024x674-24.webp,localise
https://www.moresleep.net/wp-content/uploads/2022/10/moresleep-wcd-mobile-screens-1024x683.jpg,staging/wirtschaftsclub-dusseldorf-web-design.html,assets/wirtschaftsclub/wirtschaftsclub-frede-moresleep-wcd-mobile-screens-1024x683-25.webp,localise
https://www.moresleep.net/wp-content/uploads/2022/10/moresleep-wcd-panel-stack_1.mp4,staging/wirtschaftsclub-dusseldorf-web-design.html,,localise
https://www.moresleep.net/wp-content/uploads/2022/05/mxpro-header-1024x575.jpg,staging/markilux-b2b-platform.html,assets/markilux/markilux-frede-mxpro-header-1024x575-21.webp,localise
https://www.moresleep.net/wp-content/uploads/2022/05/mxpro-dashboard-1024x606.jpg,staging/markilux-b2b-platform.html,assets/markilux/markilux-frede-mxpro-dashboard-1024x606-22.webp,localise
https://www.moresleep.net/wp-content/uploads/2022/05/mxpro-diagram-v2-1024x921.jpg,staging/markilux-b2b-platform.html,assets/markilux/markilux-frede-mxpro-diagram-v2-1024x921-23.webp,localise
https://www.moresleep.net/wp-content/uploads/2022/05/mxpro-media-mobile-1024x575.png,staging/markilux-b2b-platform.html,assets/markilux/markilux-frede-mxpro-media-mobile-1024x575-24.webp,localise
https://www.moresleep.net/wp-content/uploads/2022/05/mxpro-media-v2-1024x606.jpg,staging/markilux-b2b-platform.html,assets/markilux/markilux-frede-mxpro-media-v2-1024x606-25.webp,localise
https://www.moresleep.net/wp-content/uploads/2022/05/mxpro-shop-1024x606.jpg,staging/markilux-b2b-platform.html,assets/markilux/markilux-frede-mxpro-shop-1024x606-26.webp,localise
https://www.moresleep.net/wp-content/uploads/2024/04/Project-Image-782x1024.jpg,staging/markilux-b2b-platform.html,assets/markilux/markilux-frede-project-image-782x1024-27.webp,localise
https://www.moresleep.net/wp-content/uploads/2022/04/aleo-Teaser-Portrait-819x1024.jpg,staging/markilux-b2b-platform.html,assets/markilux/markilux-frede-aleo-teaser-portrait-819x1024-28.webp,localise
https://www.moresleep.net/wp-content/uploads/2022/01/moresleep-berlin_green-product_01-1024x576.jpg,staging/berlin-green-brand-identity.html,assets/berlin-green/berlin-green-frede-moresleep-berlin-green-product-01-1024x5-41.webp,localise
https://www.moresleep.net/wp-content/uploads/2023/07/BG-Product_Image-16x9-1-1024x576.jpg,staging/berlin-green-brand-identity.html,assets/berlin-green/berlin-green-frede-bg-product-image-16x9-1-1024x576-42.webp,localise
https://www.moresleep.net/wp-content/uploads/2022/01/moresleep-berlin_green-brand_strategy_01-1024x511.png,staging/berlin-green-brand-identity.html,assets/berlin-green/berlin-green-frede-moresleep-berlin-green-brand-strategy-01-43.webp,localise
https://www.moresleep.net/wp-content/uploads/2022/01/moresleep-berlin_green-brand_strategy_02-1024x511.png,staging/berlin-green-brand-identity.html,assets/berlin-green/berlin-green-frede-moresleep-berlin-green-brand-strategy-02-44.webp,localise
https://www.moresleep.net/wp-content/uploads/2023/07/BG-Guidelines_Visual-16x9-1-1024x576.jpg,staging/berlin-green-brand-identity.html,assets/berlin-green/berlin-green-frede-bg-guidelines-visual-16x9-1-1024x576-45.webp,localise
https://www.moresleep.net/wp-content/uploads/2022/01/moresleep-berlin_green-poster_set_01-1024x645.jpg,staging/berlin-green-brand-identity.html,assets/berlin-green/berlin-green-frede-moresleep-berlin-green-poster-set-01-102-46.webp,localise
https://www.moresleep.net/wp-content/uploads/2022/01/moresleep-berlin_green-greenbox_packaging-1024x683.jpg,staging/berlin-green-brand-identity.html,assets/berlin-green/berlin-green-frede-moresleep-berlin-green-greenbox-packagin-47.webp,localise
https://www.moresleep.net/wp-content/uploads/2022/01/moresleep-berlin_green-seeds_packaging-1024x683.jpg,staging/berlin-green-brand-identity.html,assets/berlin-green/berlin-green-frede-moresleep-berlin-green-seeds-packaging-1-48.webp,localise
https://www.moresleep.net/wp-content/uploads/2022/01/moresleep-berlin_green-greenbox_product_booklet-1024x683.jpg,staging/berlin-green-brand-identity.html,assets/berlin-green/berlin-green-frede-moresleep-berlin-green-greenbox-product--49.webp,localise
https://www.moresleep.net/wp-content/uploads/2023/07/BG-Mobile-Screens-16x9-1-1024x576.jpg,staging/berlin-green-brand-identity.html,assets/berlin-green/berlin-green-frede-bg-mobile-screens-16x9-1-1024x576-50.webp,localise
https://www.moresleep.net/wp-content/uploads/2023/07/BG-Mobile-Screens-16x9-2-1024x576.jpg,staging/berlin-green-brand-identity.html,assets/berlin-green/berlin-green-frede-bg-mobile-screens-16x9-2-1024x576-51.webp,localise
https://www.moresleep.net/wp-content/uploads/2022/01/roterfaden-header-1024x682.jpg,staging/berlin-green-brand-identity.html,assets/berlin-green/berlin-green-frede-roterfaden-header-1024x682-52.webp,localise
https://www.moresleep.net/wp-content/uploads/2022/04/Asadero-Teaser-Portrait-819x1024.jpg,staging/berlin-green-brand-identity.html,assets/berlin-green/berlin-green-frede-asadero-teaser-portrait-819x1024-53.webp,localise
https://www.moresleep.net/wp-content/uploads/2023/07/BG-Logo_Animation-16x9-1.mp4,staging/berlin-green-brand-identity.html,,localise
https://www.moresleep.net/wp-content/uploads/2022/01/moresleep-berlin_green-wordmark_details_animation.mp4,staging/berlin-green-brand-identity.html,,localise
https://www.moresleep.net/wp-content/uploads/2022/01/moresleep-berlin_green-pattern_development.mp4,staging/berlin-green-brand-identity.html,,localise
https://www.moresleep.net/wp-content/uploads/2022/01/moresleep-berlin_green-typography_animation.mp4,staging/berlin-green-brand-identity.html,,localise
https://www.moresleep.net/wp-content/uploads/2023/07/BG-Website_Details-Animation-1.mp4,staging/berlin-green-brand-identity.html,,localise
https://www.moresleep.net/wp-content/uploads/2023/07/BerlinGreen-Website_Screens-GIF-1.mp4,staging/berlin-green-brand-identity.html,,localise
https://www.moresleep.net/wp-content/uploads/2022/01/roterfaden-stamp-evolution-1024x674.jpg,staging/roterfaden-brand-digital.html,assets/roterfaden/roterfaden-frede-roterfaden-stamp-evolution-1024x674-25.webp,localise
https://www.moresleep.net/wp-content/uploads/2022/01/roterfaden-logo-leather-1024x683.jpg,staging/roterfaden-brand-digital.html,assets/roterfaden/roterfaden-frede-roterfaden-logo-leather-1024x683-26.webp,localise
https://www.moresleep.net/wp-content/uploads/2022/01/roterfaden-typography-895x1024.jpg,staging/roterfaden-brand-digital.html,assets/roterfaden/roterfaden-frede-roterfaden-typography-895x1024-27.webp,localise
https://www.moresleep.net/wp-content/uploads/2022/01/roterfaden-colors-895x1024.jpg,staging/roterfaden-brand-digital.html,assets/roterfaden/roterfaden-frede-roterfaden-colors-895x1024-28.webp,localise
https://www.moresleep.net/wp-content/uploads/2022/08/Roterfaden-Website_Screens-CaseStudy-1024x852.jpg,staging/roterfaden-brand-digital.html,assets/roterfaden/roterfaden-frede-roterfaden-website-screens-casestudy-102-29.webp,localise
https://www.moresleep.net/wp-content/uploads/2022/08/Roterfaden-Mobile_Visual-CaseStudy-1024x576.jpg,staging/roterfaden-brand-digital.html,assets/roterfaden/roterfaden-frede-roterfaden-mobile-visual-casestudy-1024x-30.webp,localise
https://www.moresleep.net/wp-content/uploads/2022/01/roterfaden-configurator-loop.gif,staging/roterfaden-brand-digital.html,assets/roterfaden/roterfaden-frede-roterfaden-configurator-loop-31.webp,localise
https://www.moresleep.net/wp-content/uploads/2020/12/201207-Meama-Wall_Mockup-1024x526.jpg,staging/roterfaden-brand-digital.html,assets/roterfaden/roterfaden-frede-201207-meama-wall-mockup-1024x526-32.webp,localise
https://www.moresleep.net/wp-content/uploads/2022/04/LalaBerlin-Teaser-Portrait-819x1024.jpg,staging/roterfaden-brand-digital.html,assets/roterfaden/roterfaden-frede-lalaberlin-teaser-portrait-819x1024-33.webp,localise
https://www.moresleep.net/wp-content/uploads/2022/08/Roterfaden-Website_Desktop_Scroll-16x9-1.mp4,staging/roterfaden-brand-digital.html,,localise
https://www.moresleep.net/wp-content/uploads/2022/08/Roterfaden-Products_Overview-16x9-1.mp4,staging/roterfaden-brand-digital.html,,localise
https://www.moresleep.net/wp-content/uploads/2022/08/Roterfaden-Visual_Text-Running-CaseStudy.mp4,staging/roterfaden-brand-digital.html,,localise
https://www.moresleep.net/wp-content/uploads/2022/08/Roterfaden-iPad_Scroll-16x9-1.mp4,staging/roterfaden-brand-digital.html,,localise
https://www.moresleep.net/wp-content/uploads/2022/01/yourhomefb-header-1024x576.jpg,staging/facebook-privacy-interactive.html,assets/facebook-privacy/facebook-privacy-frede-yourhomefb-header-1024x576-29.webp,localise
https://www.moresleep.net/wp-content/uploads/2022/01/yourhomefb-chapters-mobile-1024x576.png,staging/facebook-privacy-interactive.html,assets/facebook-privacy/facebook-privacy-frede-yourhomefb-chapters-mobile-1024x576-30.webp,localise
https://www.moresleep.net/wp-content/uploads/2022/01/yourhomefb-sketches-animated-smaller-1.gif,staging/facebook-privacy-interactive.html,assets/facebook-privacy/facebook-privacy-frede-yourhomefb-sketches-animated-smaller-1-31.webp,localise
https://www.moresleep.net/wp-content/uploads/2022/01/yourhomefb-process-1024x575.png,staging/facebook-privacy-interactive.html,assets/facebook-privacy/facebook-privacy-frede-yourhomefb-process-1024x575-32.webp,localise
https://www.moresleep.net/wp-content/uploads/2022/01/yourhomefb-houses-evolution-1024x539.jpg,staging/facebook-privacy-interactive.html,assets/facebook-privacy/facebook-privacy-frede-yourhomefb-houses-evolution-1024x539-33.webp,localise
https://www.moresleep.net/wp-content/uploads/2022/01/yourhomefb-chapter-1-desktop-1024x674.png,staging/facebook-privacy-interactive.html,assets/facebook-privacy/facebook-privacy-frede-yourhomefb-chapter-1-desktop-1024x674-34.webp,localise
https://www.moresleep.net/wp-content/uploads/2022/01/yourhomefb-chapter-2-desktop-1024x674.png,staging/facebook-privacy-interactive.html,assets/facebook-privacy/facebook-privacy-frede-yourhomefb-chapter-2-desktop-1024x674-35.webp,localise
https://www.moresleep.net/wp-content/uploads/2022/01/yourhomefb-chapter-3-desktop-1024x674.png,staging/facebook-privacy-interactive.html,assets/facebook-privacy/facebook-privacy-frede-yourhomefb-chapter-3-desktop-1024x674-36.webp,localise
https://www.moresleep.net/wp-content/uploads/2022/01/yourhomefb-phone-summary-1024x674.jpg,staging/facebook-privacy-interactive.html,assets/facebook-privacy/facebook-privacy-frede-yourhomefb-phone-summary-1024x674-37.webp,localise
https://www.moresleep.net/wp-content/uploads/2022/01/yourhomefb-summary-1024x575.png,staging/facebook-privacy-interactive.html,assets/facebook-privacy/facebook-privacy-frede-yourhomefb-summary-1024x575-38.webp,localise
https://www.moresleep.net/wp-content/uploads/2022/01/yourhomefb-brochure-1024x640.jpg,staging/facebook-privacy-interactive.html,assets/facebook-privacy/facebook-privacy-frede-yourhomefb-brochure-1024x640-39.webp,localise
https://www.moresleep.net/wp-content/uploads/2022/01/yourhomefb-impact-1024x640.jpg,staging/facebook-privacy-interactive.html,assets/facebook-privacy/facebook-privacy-frede-yourhomefb-impact-1024x640-40.webp,localise
https://www.moresleep.net/wp-content/uploads/2022/04/Swayed-Teaser-Portrait-819x1024.jpg,staging/facebook-privacy-interactive.html,assets/facebook-privacy/facebook-privacy-frede-swayed-teaser-portrait-819x1024-41.webp,localise
https://www.moresleep.net/wp-content/uploads/2022/04/Wefox-Teaser-Portrait-819x1024.jpg,staging/facebook-privacy-interactive.html,assets/facebook-privacy/facebook-privacy-frede-wefox-teaser-portrait-819x1024-42.webp,localise
https://www.moresleep.net/wp-content/uploads/2022/01/yourhomefb-website-animation.mp4,staging/facebook-privacy-interactive.html,,localise
https://www.moresleep.net/wp-content/uploads/2021/12/Header-Image-HP-1024x565.jpg,staging/hospitality-projects-brand-identity.html,assets/hospitality-projects/hospitality-projects-frede-header-image-hp-1024x565-9.webp,localise
https://www.moresleep.net/wp-content/uploads/2021/12/Frame-11-1024x512.png,staging/hospitality-projects-brand-identity.html,assets/hospitality-projects/hospitality-projects-frede-frame-11-1024x512-10.webp,localise
https://www.moresleep.net/wp-content/uploads/2021/12/BusinessCard-1024x683.jpg,staging/hospitality-projects-brand-identity.html,assets/hospitality-projects/hospitality-projects-frede-businesscard-1024x683-11.webp,localise
https://www.moresleep.net/wp-content/uploads/2021/12/211202-Letterhead_Invoice_Mockup-1024x716.jpg,staging/hospitality-projects-brand-identity.html,assets/hospitality-projects/hospitality-projects-frede-211202-letterhead-invoice-mockup-1024x71-12.webp,localise
https://www.moresleep.net/wp-content/uploads/2021/12/Rectangle-79-1024x540.png,staging/hospitality-projects-brand-identity.html,assets/hospitality-projects/hospitality-projects-frede-rectangle-79-1024x540-13.webp,localise
https://www.moresleep.net/wp-content/uploads/2021/10/Oxa-Image-Header-1024x540.jpg,staging/hospitality-projects-brand-identity.html,assets/hospitality-projects/hospitality-projects-frede-oxa-image-header-1024x540-14.webp,localise
https://www.moresleep.net/wp-content/uploads/2022/04/EV-Teaser-Portrait-819x1024.jpg,staging/hospitality-projects-brand-identity.html,assets/hospitality-projects/hospitality-projects-frede-ev-teaser-portrait-819x1024-15.webp,localise
https://www.moresleep.net/wp-content/uploads/2021/12/220208-HospitalityProjects-Logo-Animation.mp4,staging/hospitality-projects-brand-identity.html,,localise
https://www.moresleep.net/wp-content/uploads/2021/12/HP-HomePage-Minimal-Mockup-Anim.mp4,staging/hospitality-projects-brand-identity.html,,localise
https://www.moresleep.net/wp-content/uploads/2021/12/HP-Desktop-2-Screen-01.mp4,staging/hospitality-projects-brand-identity.html,,localise
https://www.moresleep.net/wp-content/uploads/2021/12/HP-Mobile-Screens-Animation.mp4,staging/hospitality-projects-brand-identity.html,,localise
https://www.moresleep.net/wp-content/uploads/2019/12/MoreSleep-Mohab-Space_Lindenhof-03-1024x684.jpg,staging/mohab-brand-identity.html,assets/mohab/mohab-frede-moresleep-mohab-space-lindenhof-03-1024x-25.webp,localise
https://www.moresleep.net/wp-content/uploads/2020/12/MOHAB-Logo-on-Photography-GIF.gif,staging/mohab-brand-identity.html,assets/mohab/mohab-frede-mohab-logo-on-photography-gif-26.webp,localise
https://www.moresleep.net/wp-content/uploads/2019/12/MoreSleep-Mohab-Space_Unit-Night-1024x684.jpg,staging/mohab-brand-identity.html,assets/mohab/mohab-frede-moresleep-mohab-space-unit-night-1024x68-27.webp,localise
https://www.moresleep.net/wp-content/uploads/2019/12/MoreSleep-Mohab-BTS_Workshop_02-copy-958x1024.jpg,staging/mohab-brand-identity.html,assets/mohab/mohab-frede-moresleep-mohab-bts-workshop-02-copy-958-28.webp,localise
https://www.moresleep.net/wp-content/uploads/2019/12/MoreSleep-Mohab-Workshop_Summary-01-958x1024.jpg,staging/mohab-brand-identity.html,assets/mohab/mohab-frede-moresleep-mohab-workshop-summary-01-958x-29.webp,localise
https://www.moresleep.net/wp-content/uploads/2019/12/MoreSleep-Mohab-Naming-01-1-1024x576.jpg,staging/mohab-brand-identity.html,assets/mohab/mohab-frede-moresleep-mohab-naming-01-1-1024x576-30.webp,localise
https://www.moresleep.net/wp-content/uploads/2019/12/MoreSleep-Mohab-Comms_Strategy-01-1024x576.jpg,staging/mohab-brand-identity.html,assets/mohab/mohab-frede-moresleep-mohab-comms-strategy-01-1024x5-31.webp,localise
https://www.moresleep.net/wp-content/uploads/2019/12/MoreSleep-Mohab-TOV-01-1024x576.jpg,staging/mohab-brand-identity.html,assets/mohab/mohab-frede-moresleep-mohab-tov-01-1024x576-32.webp,localise
https://www.moresleep.net/wp-content/uploads/2019/12/MoreSleep-Mohab-BTS_Logo_Dev-02-1024x768.jpg,staging/mohab-brand-identity.html,assets/mohab/mohab-frede-moresleep-mohab-bts-logo-dev-02-1024x768-33.webp,localise
https://www.moresleep.net/wp-content/uploads/2019/12/MoreSleep-Mohab-BTS_Logo_Dev-03-768x1024.jpg,staging/mohab-brand-identity.html,assets/mohab/mohab-frede-moresleep-mohab-bts-logo-dev-03-768x1024-34.webp,localise
https://www.moresleep.net/wp-content/uploads/2020/12/MOHAB-2022-10-1024x683.jpg,staging/mohab-brand-identity.html,assets/mohab/mohab-frede-mohab-2022-10-1024x683-35.webp,localise
https://www.moresleep.net/wp-content/uploads/2020/12/MOHAB-2022-05-1024x682.jpg,staging/mohab-brand-identity.html,assets/mohab/mohab-frede-mohab-2022-05-1024x682-36.webp,localise
https://www.moresleep.net/wp-content/uploads/2020/12/MOHAB-2022-04-771x1024.jpg,staging/mohab-brand-identity.html,assets/mohab/mohab-frede-mohab-2022-04-771x1024-37.webp,localise
https://www.moresleep.net/wp-content/uploads/2020/12/MOHAB-2022-03-771x1024.jpg,staging/mohab-brand-identity.html,assets/mohab/mohab-frede-mohab-2022-03-771x1024-38.webp,localise
https://www.moresleep.net/wp-content/uploads/2019/12/MOHAB-Booklet-2.gif,staging/mohab-brand-identity.html,assets/mohab/mohab-frede-mohab-booklet-2-39.webp,localise
https://www.moresleep.net/wp-content/uploads/2020/12/MOHAB-2022-08-771x1024.jpg,staging/mohab-brand-identity.html,assets/mohab/mohab-frede-mohab-2022-08-771x1024-40.webp,localise
https://www.moresleep.net/wp-content/uploads/2020/12/MOHAB-2022-09-771x1024.jpg,staging/mohab-brand-identity.html,assets/mohab/mohab-frede-mohab-2022-09-771x1024-41.webp,localise
https://www.moresleep.net/wp-content/uploads/2019/12/MOHAB_Stationary4-1024x569.jpg,staging/mohab-brand-identity.html,assets/mohab/mohab-frede-mohab-stationary4-1024x569-42.webp,localise
https://www.moresleep.net/wp-content/uploads/2020/12/MOHAB-2022-06-771x1024.jpg,staging/mohab-brand-identity.html,assets/mohab/mohab-frede-mohab-2022-06-771x1024-43.webp,localise
https://www.moresleep.net/wp-content/uploads/2020/12/MOHAB-2022-07-771x1024.jpg,staging/mohab-brand-identity.html,assets/mohab/mohab-frede-mohab-2022-07-771x1024-44.webp,localise
https://www.moresleep.net/wp-content/uploads/2022/04/RitzCarlton-Teaser-Portrait-819x1024.jpg,staging/mohab-brand-identity.html,assets/mohab/mohab-frede-ritzcarlton-teaser-portrait-819x1024-45.webp,localise
https://www.moresleep.net/wp-content/uploads/2019/05/Bolon-Teaser-Portrait-819x1024.jpg,staging/mohab-brand-identity.html,assets/mohab/mohab-frede-bolon-teaser-portrait-819x1024-46.webp,localise
https://www.moresleep.net/wp-content/uploads/2019/12/19-12-06-MoreSleep-MOHAB-Logo_Animation-V3-1.mp4,staging/mohab-brand-identity.html,,localise
https://www.moresleep.net/wp-content/uploads/2019/12/191204-Mohab-Webdesign-Video-2.m4v,staging/mohab-brand-identity.html,,localise
https://www.moresleep.net/wp-content/uploads/2021/01/Meama_006-copy-scaled-e1611938637224-1024x724.jpg,staging/meama-brand-identity.html,assets/meama/meama-frede-meama-006-copy-scaled-e1611938637224-102-5.webp,localise
https://www.moresleep.net/wp-content/uploads/2021/01/Meama_Logo_Coloured_Background.gif,staging/meama-brand-identity.html,assets/meama/meama-frede-meama-logo-coloured-background-6.webp,localise
https://www.moresleep.net/wp-content/uploads/2021/02/MS-MEAMA-07-1024x683.jpg,staging/meama-brand-identity.html,assets/meama/meama-frede-ms-meama-07-1024x683-7.webp,localise
https://www.moresleep.net/wp-content/uploads/2021/02/Composition-2_00000.gif,staging/meama-brand-identity.html,assets/meama/meama-frede-composition-2-00000-8.webp,localise
https://www.moresleep.net/wp-content/uploads/2021/02/Composition-1_00000.gif,staging/meama-brand-identity.html,assets/meama/meama-frede-composition-1-00000-9.webp,localise
https://www.moresleep.net/wp-content/uploads/2021/01/BrandValues-V2.gif,staging/meama-brand-identity.html,assets/meama/meama-frede-brandvalues-v2-10.webp,localise
https://www.moresleep.net/wp-content/uploads/2021/01/Meama-Logo_Orange_Photography-1024x576.jpg,staging/meama-brand-identity.html,assets/meama/meama-frede-meama-logo-orange-photography-1024x576-11.webp,localise
https://www.moresleep.net/wp-content/uploads/2021/01/Comp-19-0-00-03-07-1024x576.jpg,staging/meama-brand-identity.html,assets/meama/meama-frede-comp-19-0-00-03-07-1024x576-12.webp,localise
https://www.moresleep.net/wp-content/uploads/2021/01/Comp-11_00000.gif,staging/meama-brand-identity.html,assets/meama/meama-frede-comp-11-00000-13.webp,localise
https://www.moresleep.net/wp-content/uploads/2021/01/Meama-Wordmark-Text-1024x853.png,staging/meama-brand-identity.html,assets/meama/meama-frede-meama-wordmark-text-1024x853-14.webp,localise
https://www.moresleep.net/wp-content/uploads/2021/01/Comp-1_00011.gif,staging/meama-brand-identity.html,assets/meama/meama-frede-comp-1-00011-15.webp,localise
https://www.moresleep.net/wp-content/uploads/2021/01/Comp-20_00000.gif,staging/meama-brand-identity.html,assets/meama/meama-frede-comp-20-00000-16.webp,localise
https://www.moresleep.net/wp-content/uploads/2021/01/Meama-iPhone_Mockup_Instagram-V2-1024x576.jpg,staging/meama-brand-identity.html,assets/meama/meama-frede-meama-iphone-mockup-instagram-v2-1024x57-17.webp,localise
https://www.moresleep.net/wp-content/uploads/2021/01/Meama-Posters_Series_Mockup-02-1024x683.jpg,staging/meama-brand-identity.html,assets/meama/meama-frede-meama-posters-series-mockup-02-1024x683-18.webp,localise
https://www.moresleep.net/wp-content/uploads/2021/02/MS-MEAMA-05-1-683x1024.jpg,staging/meama-brand-identity.html,assets/meama/meama-frede-ms-meama-05-1-683x1024-19.webp,localise
https://www.moresleep.net/wp-content/uploads/2021/02/MS-MEAMA-06-683x1024.jpg,staging/meama-brand-identity.html,assets/meama/meama-frede-ms-meama-06-683x1024-20.webp,localise
https://www.moresleep.net/wp-content/uploads/2021/02/Meama-Pakcaging-Photography-Set-6-1024x576.jpg,staging/meama-brand-identity.html,assets/meama/meama-frede-meama-pakcaging-photography-set-6-1024x5-21.webp,localise
https://www.moresleep.net/wp-content/uploads/2021/02/MS-MEAMA-10-1024x683.jpg,staging/meama-brand-identity.html,assets/meama/meama-frede-ms-meama-10-1024x683-22.webp,localise
https://www.moresleep.net/wp-content/uploads/2021/02/MS-MEAMA-02-1024x683.jpg,staging/meama-brand-identity.html,assets/meama/meama-frede-ms-meama-02-1024x683-23.webp,localise
https://www.moresleep.net/wp-content/uploads/2021/01/Meama-Shapes_Explanation_Animation-V2.mp4,staging/meama-brand-identity.html,,localise
https://www.moresleep.net/wp-content/uploads/2021/02/Meama-Updated-Posters-Animation.mp4,staging/meama-brand-identity.html,,localise
https://www.moresleep.net/wp-content/uploads/2021/04/EUV-Flatscreens-1024x576.png,staging/engel-volkers-web-design.html,assets/engel-volkers/engel-volkers-frede-euv-flatscreens-1024x576-21.webp,localise
https://www.moresleep.net/wp-content/uploads/2021/04/EUV-iPhone-Series_2-1-1024x491.png,staging/engel-volkers-web-design.html,assets/engel-volkers/engel-volkers-frede-euv-iphone-series-2-1-1024x491-22.webp,localise
https://www.moresleep.net/wp-content/uploads/2021/04/EUV-Pages.gif,staging/engel-volkers-web-design.html,assets/engel-volkers/engel-volkers-frede-euv-pages-23.webp,localise
https://www.moresleep.net/wp-content/uploads/2021/04/EUV-Macbook-Mockup-10-1024x427.png,staging/engel-volkers-web-design.html,assets/engel-volkers/engel-volkers-frede-euv-macbook-mockup-10-1024x427-24.webp,localise
https://www.moresleep.net/wp-content/uploads/2021/04/EUV-Image_Break-1024x480.png,staging/engel-volkers-web-design.html,assets/engel-volkers/engel-volkers-frede-euv-image-break-1024x480-25.webp,localise
https://www.moresleep.net/wp-content/uploads/2021/04/EUV-iPhone-Series_1-1024x487.png,staging/engel-volkers-web-design.html,assets/engel-volkers/engel-volkers-frede-euv-iphone-series-1-1024x487-26.webp,localise
https://www.moresleep.net/wp-content/uploads/2021/04/EUV-Icons-2.gif,staging/engel-volkers-web-design.html,assets/engel-volkers/engel-volkers-frede-euv-icons-2-27.webp,localise
https://www.moresleep.net/wp-content/uploads/2021/04/Icons-1-02-1-1024x582.png,staging/engel-volkers-web-design.html,assets/engel-volkers/engel-volkers-frede-icons-1-02-1-1024x582-28.webp,localise
https://www.moresleep.net/wp-content/uploads/2021/04/Instagram-Feed-1024x590.png,staging/engel-volkers-web-design.html,assets/engel-volkers/engel-volkers-frede-instagram-feed-1024x590-29.webp,localise
https://www.moresleep.net/wp-content/uploads/2021/04/EUV-Linkedin-1024x576.png,staging/engel-volkers-web-design.html,assets/engel-volkers/engel-volkers-frede-euv-linkedin-1024x576-30.webp,localise
https://www.moresleep.net/wp-content/uploads/2020/05/20200227-Gagarini-Square-Hotel-2-32-1024x576.jpg,staging/episode-hotels-brand-identity.html,assets/episode-hotels/episode-hotels-frede-20200227-gagarini-square-hotel-2-32-1024-33.webp,localise
https://www.moresleep.net/wp-content/uploads/2020/07/200610-MS-Episode_Hotels-Case_Study-02-1-1024x569.jpg,staging/episode-hotels-brand-identity.html,assets/episode-hotels/episode-hotels-frede-200610-ms-episode-hotels-case-study-02-1-34.webp,localise
https://www.moresleep.net/wp-content/uploads/2020/07/200507-EH-Interior_Mockup_02-1024x576.png,staging/episode-hotels-brand-identity.html,assets/episode-hotels/episode-hotels-frede-200507-eh-interior-mockup-02-1024x576-35.webp,localise
https://www.moresleep.net/wp-content/uploads/2020/07/200610-MS-Episode_Hotels-Case_Study-04-VIDEO-part2-1024x569.png,staging/episode-hotels-brand-identity.html,assets/episode-hotels/episode-hotels-frede-200610-ms-episode-hotels-case-study-04-v-36.webp,localise
https://www.moresleep.net/wp-content/uploads/2020/07/200610-MS-Episode_Hotels-Case_Study-04-VIDEO-1024x569.png,staging/episode-hotels-brand-identity.html,assets/episode-hotels/episode-hotels-frede-200610-ms-episode-hotels-case-study-04-v-37.webp,localise
https://www.moresleep.net/wp-content/uploads/2020/07/200610-MS-Episode_Hotels-Case_Study-03-VIDEO-1024x569.png,staging/episode-hotels-brand-identity.html,assets/episode-hotels/episode-hotels-frede-200610-ms-episode-hotels-case-study-03-v-38.webp,localise
https://www.moresleep.net/wp-content/uploads/2019/07/Episode-Posters-Mockup-1024x683.jpg,staging/episode-hotels-brand-identity.html,assets/episode-hotels/episode-hotels-frede-episode-posters-mockup-1024x683-39.webp,localise
https://www.moresleep.net/wp-content/uploads/2020/07/IMG_0795-768x1024.jpg,staging/episode-hotels-brand-identity.html,assets/episode-hotels/episode-hotels-frede-img-0795-768x1024-40.webp,localise
https://www.moresleep.net/wp-content/uploads/2020/07/IMG_0797-copy-768x1024.jpg,staging/episode-hotels-brand-identity.html,assets/episode-hotels/episode-hotels-frede-img-0797-copy-768x1024-41.webp,localise
https://www.moresleep.net/wp-content/uploads/2020/07/200610-MS-Episode_Hotels-Case_Study-05-1024x569.jpg,staging/episode-hotels-brand-identity.html,assets/episode-hotels/episode-hotels-frede-200610-ms-episode-hotels-case-study-05-1-42.webp,localise
https://www.moresleep.net/wp-content/uploads/2020/07/200610-MS-Episode_Hotels-Case_Study-09-1024x569.jpg,staging/episode-hotels-brand-identity.html,assets/episode-hotels/episode-hotels-frede-200610-ms-episode-hotels-case-study-09-1-43.webp,localise
https://www.moresleep.net/wp-content/uploads/2020/07/200610-MS-Episode_Hotels-Case_Study-06-1024x569.jpg,staging/episode-hotels-brand-identity.html,assets/episode-hotels/episode-hotels-frede-200610-ms-episode-hotels-case-study-06-1-44.webp,localise
https://www.moresleep.net/wp-content/uploads/2019/07/Episode-Stationary-Mockup-1024x683.jpg,staging/episode-hotels-brand-identity.html,assets/episode-hotels/episode-hotels-frede-episode-stationary-mockup-1024x683-45.webp,localise
https://www.moresleep.net/wp-content/uploads/2019/07/Episode-Key-Holder-Mockup-1024x683.jpg,staging/episode-hotels-brand-identity.html,assets/episode-hotels/episode-hotels-frede-episode-key-holder-mockup-1024x683-46.webp,localise
https://www.moresleep.net/wp-content/uploads/2019/07/Episode-Door-Sign-Mockup-1024x683.jpg,staging/episode-hotels-brand-identity.html,assets/episode-hotels/episode-hotels-frede-episode-door-sign-mockup-1024x683-47.webp,localise
https://www.moresleep.net/wp-content/uploads/2022/04/HotelBerlin-Teaser-Portrait-819x1024.jpg,staging/episode-hotels-brand-identity.html,assets/episode-hotels/episode-hotels-frede-hotelberlin-teaser-portrait-819x1024-48.webp,localise
https://www.moresleep.net/wp-content/uploads/2019/07/Episode-Logo-on-Photography.mp4,staging/episode-hotels-brand-identity.html,,localise
https://www.moresleep.net/wp-content/uploads/2019/07/Episode-SM-Video-Template.mp4,staging/episode-hotels-brand-identity.html,,localise
https://www.moresleep.net/wp-content/uploads/2021/02/FF-Personalities.gif,staging/friends-of-friends-brand-identity-web.html,assets/friends-of-friends/friends-of-friends-frede-ff-personalities-57.webp,localise
https://www.moresleep.net/wp-content/uploads/2022/10/FF-Website_Case_Study_01-1024x622.jpg,staging/friends-of-friends-brand-identity-web.html,assets/friends-of-friends/friends-of-friends-frede-ff-website-case-study-01-1024x622-58.webp,localise
https://www.moresleep.net/wp-content/uploads/2021/10/FF-Poster-Mockup_The_Templates_Agency_003-1024x683.jpg,staging/friends-of-friends-brand-identity-web.html,assets/friends-of-friends/friends-of-friends-frede-ff-poster-mockup-the-templates-agency-00-59.webp,localise
https://www.moresleep.net/wp-content/uploads/2022/10/FF-Website_Case_Study_03-1024x622.jpg,staging/friends-of-friends-brand-identity-web.html,assets/friends-of-friends/friends-of-friends-frede-ff-website-case-study-03-1024x622-60.webp,localise
https://www.moresleep.net/wp-content/uploads/2021/05/FF-iPhone_Collection-4-1024x768.jpg,staging/friends-of-friends-brand-identity-web.html,assets/friends-of-friends/friends-of-friends-frede-ff-iphone-collection-4-1024x768-61.webp,localise
https://www.moresleep.net/wp-content/uploads/2022/10/FF-Website_Case_Study_02-1024x622.jpg,staging/friends-of-friends-brand-identity-web.html,assets/friends-of-friends/friends-of-friends-frede-ff-website-case-study-02-1024x622-62.webp,localise
https://www.moresleep.net/wp-content/uploads/2022/10/FF-Pinterest-SoMe-New-Logo-1024x576.jpg,staging/friends-of-friends-brand-identity-web.html,assets/friends-of-friends/friends-of-friends-frede-ff-pinterest-some-new-logo-1024x576-63.webp,localise
https://www.moresleep.net/wp-content/uploads/2022/10/FF-Website_Case_Study_04-1024x622.jpg,staging/friends-of-friends-brand-identity-web.html,assets/friends-of-friends/friends-of-friends-frede-ff-website-case-study-04-1024x622-64.webp,localise
https://www.moresleep.net/wp-content/uploads/2022/04/MINI-Teaser-Portrait-819x1024.jpg,staging/friends-of-friends-brand-identity-web.html,assets/friends-of-friends/friends-of-friends-frede-mini-teaser-portrait-819x1024-65.webp,localise
https://www.moresleep.net/wp-content/uploads/2022/04/MS_2019_Tshirt-Teaser-Portrait-819x1024.jpg,staging/friends-of-friends-brand-identity-web.html,assets/friends-of-friends/friends-of-friends-frede-ms-2019-tshirt-teaser-portrait-819x1024-66.webp,localise
https://www.moresleep.net/wp-content/uploads/2021/01/FF-TBI-Brandpad-Logo_Animation_Video.mp4,staging/friends-of-friends-brand-identity-web.html,,localise
https://www.moresleep.net/wp-content/uploads/2022/10/FF-Home_Page-16x9-Scroll_Case_Study.mp4,staging/friends-of-friends-brand-identity-web.html,,localise
https://www.moresleep.net/wp-content/uploads/2021/02/FF-Logo_Animation_2021.mp4,staging/friends-of-friends-brand-identity-web.html,,localise
https://www.moresleep.net/wp-content/uploads/2022/10/FF-Website-Articles_Scroll-16x9-1.mp4,staging/friends-of-friends-brand-identity-web.html,,localise
https://www.moresleep.net/wp-content/uploads/2022/10/FF-Website-iPad-Article-Case_study-16x9-1.mp4,staging/friends-of-friends-brand-identity-web.html,,localise
https://www.moresleep.net/wp-content/uploads/2021/02/FF-iPhone_Animated-1.mp4,staging/friends-of-friends-brand-identity-web.html,,localise
https://www.moresleep.net/wp-content/uploads/2021/02/FF-Showreel_Animation_2021-V2.mp4,staging/friends-of-friends-brand-identity-web.html,,localise
https://www.moresleep.net/wp-content/uploads/2021/02/FF-Merch_Animation_2021-FINAL.mp4,staging/friends-of-friends-brand-identity-web.html,,localise
https://www.moresleep.net/wp-content/uploads/2019/05/Artboard-1@2x-1024x697.png,staging/orno-pizza-branding.html,assets/orno/orno-frede-artboard-1-2x-1024x697-25.webp,localise
https://www.moresleep.net/wp-content/uploads/2019/05/201023-ORNO-Pizza_Type_Animation.gif,staging/orno-pizza-branding.html,assets/orno/orno-frede-201023-orno-pizza-type-animation-26.webp,localise
https://www.moresleep.net/wp-content/uploads/2019/05/ORNO-2022-01-683x1024.jpg,staging/orno-pizza-branding.html,assets/orno/orno-frede-orno-2022-01-683x1024-27.webp,localise
https://www.moresleep.net/wp-content/uploads/2019/05/ORNO-2022-02-683x1024.jpg,staging/orno-pizza-branding.html,assets/orno/orno-frede-orno-2022-02-683x1024-28.webp,localise
https://www.moresleep.net/wp-content/uploads/2019/05/ORNO-2022-03-1024x683.jpg,staging/orno-pizza-branding.html,assets/orno/orno-frede-orno-2022-03-1024x683-29.webp,localise
https://www.moresleep.net/wp-content/uploads/2019/05/ORNO-2022-04-1024x683.jpg,staging/orno-pizza-branding.html,assets/orno/orno-frede-orno-2022-04-1024x683-30.webp,localise
https://www.moresleep.net/wp-content/uploads/2019/05/ORNO-2022-05-683x1024.jpg,staging/orno-pizza-branding.html,assets/orno/orno-frede-orno-2022-05-683x1024-31.webp,localise
https://www.moresleep.net/wp-content/uploads/2019/05/ORNO-2022-06-683x1024.jpg,staging/orno-pizza-branding.html,assets/orno/orno-frede-orno-2022-06-683x1024-32.webp,localise
https://www.moresleep.net/wp-content/uploads/2019/05/ORNO-2022-07-1024x683.jpg,staging/orno-pizza-branding.html,assets/orno/orno-frede-orno-2022-07-1024x683-33.webp,localise
https://www.moresleep.net/wp-content/uploads/2019/05/ORNO-2022-08-683x1024.jpg,staging/orno-pizza-branding.html,assets/orno/orno-frede-orno-2022-08-683x1024-34.webp,localise
https://www.moresleep.net/wp-content/uploads/2019/05/ORNO-2022-09-683x1024.jpg,staging/orno-pizza-branding.html,assets/orno/orno-frede-orno-2022-09-683x1024-35.webp,localise
https://www.moresleep.net/wp-content/uploads/2019/05/ORNO-2022-10-683x1024.jpg,staging/orno-pizza-branding.html,assets/orno/orno-frede-orno-2022-10-683x1024-36.webp,localise
https://www.moresleep.net/wp-content/uploads/2019/05/ORNO-2022-11-683x1024.jpg,staging/orno-pizza-branding.html,assets/orno/orno-frede-orno-2022-11-683x1024-37.webp,localise
https://www.moresleep.net/wp-content/uploads/2022/04/PURO_Hotels-Teaser-Portrait-819x1024.jpg,staging/orno-pizza-branding.html,assets/orno/orno-frede-puro-hotels-teaser-portrait-819x1024-38.webp,localise
https://www.moresleep.net/wp-content/uploads/2019/05/190531-ORNO-09_Website_Video-LowRes-1.mp4,staging/orno-pizza-branding.html,,localise
https://www.moresleep.net/wp-content/uploads/2019/08/Freunde-von-Freunden-Wefox-Felix-Maschefski-883-1024x683.jpg,staging/wefox-web-design.html,assets/wefox/wefox-frede-freunde-von-freunden-wefox-felix-maschef-25.webp,localise
https://www.moresleep.net/wp-content/uploads/2019/03/moresleep-wefox-website_redesign-desktop_mobile_01-1024x569.jpg,staging/wefox-web-design.html,assets/wefox/wefox-frede-moresleep-wefox-website-redesign-desktop-26.webp,localise
https://www.moresleep.net/wp-content/uploads/2019/03/moresleep-wefox-website_redesign-art_direction-03-1024x569.jpg,staging/wefox-web-design.html,assets/wefox/wefox-frede-moresleep-wefox-website-redesign-art-dir-27.webp,localise
https://www.moresleep.net/wp-content/uploads/2019/03/moresleep-wefox-website_redesign-art_direction-02-1024x569.jpg,staging/wefox-web-design.html,assets/wefox/wefox-frede-moresleep-wefox-website-redesign-art-dir-28.webp,localise
https://www.moresleep.net/wp-content/uploads/2019/03/moresleep-wefox-website_redesign-art_direction-04-1024x569.jpg,staging/wefox-web-design.html,assets/wefox/wefox-frede-moresleep-wefox-website-redesign-art-dir-29.webp,localise
https://www.moresleep.net/wp-content/uploads/2019/03/moresleep-wefox-website_redesign-art_direction-01-1024x569.jpg,staging/wefox-web-design.html,assets/wefox/wefox-frede-moresleep-wefox-website-redesign-art-dir-30.webp,localise
https://www.moresleep.net/wp-content/uploads/2022/04/AD_Magazin-Teaser-Portrait-819x1024.jpg,staging/wefox-web-design.html,assets/wefox/wefox-frede-ad-magazin-teaser-portrait-819x1024-31.webp,localise
https://www.moresleep.net/wp-content/uploads/2022/04/Adidas-Teaser-Portrait-819x1024.jpg,staging/wefox-web-design.html,assets/wefox/wefox-frede-adidas-teaser-portrait-819x1024-32.webp,localise
https://www.moresleep.net/wp-content/uploads/2019/03/moresleep-wefox-website_redesign_animation-1.mp4,staging/wefox-web-design.html,,localise
https://www.moresleep.net/wp-content/uploads/2019/10/19-09-13-MoreSleep-25hours-Berlin_Bikini-Cutdown-Web-16x9-02.mp4,staging/swayed-ai-branding.html,,localise
https://www.moresleep.net/wp-content/uploads/2019/10/papaioannou-kostas-tysecUm5HJA-unsplash.jpg,staging/swayed-ai-branding.html,,localise
https://www.moresleep.net/wp-content/uploads/2020/04/moresleep-bruto-food-1024x569.jpg,staging/bruto-restaurant-branding.html,assets/bruto/bruto-frede-moresleep-bruto-food-1024x569-21.webp,localise
https://www.moresleep.net/wp-content/uploads/2020/04/200325-MS-Case_Studies-Bruto-03.gif,staging/bruto-restaurant-branding.html,assets/bruto/bruto-frede-200325-ms-case-studies-bruto-03-22.webp,localise
https://www.moresleep.net/wp-content/uploads/2020/04/moresleep-bruto-musclesartichoke-1024x569.jpg,staging/bruto-restaurant-branding.html,assets/bruto/bruto-frede-moresleep-bruto-musclesartichoke-1024x56-23.webp,localise
https://www.moresleep.net/wp-content/uploads/2020/04/Business-Card-Branding-Mockup-1024x756.jpg,staging/internetstores-brand-digital.html,assets/internetstores/internetstores-frede-business-card-branding-mockup-1024x756-5.webp,localise
https://www.moresleep.net/wp-content/uploads/2020/04/hiking-mountain-1024x683.jpg,staging/internetstores-brand-digital.html,assets/internetstores/internetstores-frede-hiking-mountain-1024x683-6.webp,localise
